To honour the JVM settings for this build a single-use Daemon process will be forked. For more on this, please refer to https://docs.gradle.org/8.14.3/userguide/gradle_daemon.html#sec:disabling_the_daemon in the Gradle documentation.
Daemon will be stopped at the end of the build 
> Task :createMinecraftArtifacts UP-TO-DATE
> Task :compileJava UP-TO-DATE
> Task :processResources UP-TO-DATE
> Task :classes UP-TO-DATE
> Task :downloadAssets UP-TO-DATE
> Task :writeServerLegacyClasspath UP-TO-DATE
> Task :prepareServerRun UP-TO-DATE

> Task :runServer
WARN StatusConsoleListener Advanced terminal features are not available in this environment
[20:05:03] [main/INFO] [cp.mo.mo.Launcher/MODLAUNCHER]: ModLauncher running: args [--launchTarget, forgeserverdev, --gameDir, ., --fml.fmlVersion, 4.0.42, --fml.mcVersion, 1.21.1, --fml.neoForgeVersion, 21.1.228, --fml.neoFormVersion, 20240808.144430, --nogui]
[20:05:03] [main/INFO] [cp.mo.mo.Launcher/MODLAUNCHER]: JVM identified as Ubuntu OpenJDK 64-Bit Server VM 21.0.10+7-Ubuntu-124.04
[20:05:03] [main/INFO] [cp.mo.mo.Launcher/MODLAUNCHER]: ModLauncher 11.0.5+main.901c6ea8 starting: java version 21.0.10 by Ubuntu; OS Linux arch amd64 version 6.12.94+
[20:05:03] [main/DEBUG] [cp.mo.mo.LaunchServiceHandler/MODLAUNCHER]: Found launch services [minecraft,forgeclient,forgedatauserdev,testharness,forgeserverdev,forgeserveruserdev,forgejunitdev,forgeclientdev,forgeclientuserdev,forgeserver,forgejunituserdev,forgedatadev]
[20:05:03] [main/DEBUG] [cp.mo.mo.LaunchPluginHandler/MODLAUNCHER]: Found launch plugins: [mixin,slf4jfixer,runtime_enum_extender,accesstransformer,runtimedistcleaner]
[20:05:03] [main/DEBUG] [cp.mo.mo.TransformationServicesHandler/MODLAUNCHER]: Discovering transformation services
[20:05:03] [main/DEBUG] [ne.ne.fm.lo.FMLPaths/CORE]: Path GAMEDIR is /workspace/run
[20:05:03] [main/DEBUG] [ne.ne.fm.lo.FMLPaths/CORE]: Path MODSDIR is /workspace/run/mods
[20:05:03] [main/DEBUG] [ne.ne.fm.lo.FMLPaths/CORE]: Path CONFIGDIR is /workspace/run/config
[20:05:03] [main/DEBUG] [ne.ne.fm.lo.FMLPaths/CORE]: Path FMLCONFIG is /workspace/run/config/fml.toml
[20:05:03] [main/DEBUG] [ne.ne.fm.lo.ta.CommonLaunchHandler/CORE]: Got mod coordinates hbm%%/workspace/build/classes/java/main:hbm%%/workspace/build/resources/main from env
[20:05:03] [main/DEBUG] [ne.ne.fm.lo.ta.CommonLaunchHandler/CORE]: Found supplied mod coordinates [{hbm=[/workspace/build/classes/java/main, /workspace/build/resources/main]}]
[20:05:03] [main/DEBUG] [cp.mo.mo.TransformationServicesHandler/MODLAUNCHER]: Found additional transformation services from discovery services: 
[20:05:03] [main/INFO] [ne.ne.fm.lo.ImmediateWindowHandler/]: ImmediateWindowProvider not loading because launch target is forgeserverdev
[20:05:03] [main/DEBUG] [cp.mo.mo.TransformationServicesHandler/MODLAUNCHER]: Found transformer services : [mixin,fml]
[20:05:03] [main/DEBUG] [cp.mo.mo.TransformationServicesHandler/MODLAUNCHER]: Transformation services loading
[20:05:03] [main/DEBUG] [cp.mo.mo.TransformationServiceDecorator/MODLAUNCHER]: Loading service mixin
[20:05:04] [main/DEBUG] [cp.mo.mo.TransformationServiceDecorator/MODLAUNCHER]: Loaded service mixin
[20:05:04] [main/DEBUG] [cp.mo.mo.TransformationServiceDecorator/MODLAUNCHER]: Loading service fml
[20:05:04] [main/DEBUG] [ne.ne.fm.lo.FMLLoader/CORE]: FML 4.0.42 loading
[20:05:04] [main/DEBUG] [ne.ne.fm.lo.FMLLoader/CORE]: FML found ModLauncher version : 11.0.5+main.901c6ea8
[20:05:04] [main/DEBUG] [ne.ne.fm.lo.FMLLoader/CORE]: FML found AccessTransformer version : 10.0.1+139da711
[20:05:04] [main/DEBUG] [ne.ne.fm.lo.FMLLoader/CORE]: FML found EventBus version : null
[20:05:04] [main/DEBUG] [ne.ne.fm.lo.FMLLoader/CORE]: Found Runtime Dist Cleaner
[20:05:04] [main/DEBUG] [cp.mo.mo.TransformationServiceDecorator/MODLAUNCHER]: Loaded service fml
[20:05:04] [main/DEBUG] [cp.mo.mo.TransformationServicesHandler/MODLAUNCHER]: Configuring option handling for services
[20:05:04] [main/DEBUG] [ne.ne.fm.lo.FMLServiceProvider/CORE]: Received command line version data  : VersionInfo[neoForgeVersion=21.1.228, fmlVersion=4.0.42, mcVersion=1.21.1, neoFormVersion=20240808.144430]
[20:05:04] [main/DEBUG] [cp.mo.mo.TransformationServicesHandler/MODLAUNCHER]: Transformation services initializing
[20:05:04] [main/DEBUG] [cp.mo.mo.TransformationServiceDecorator/MODLAUNCHER]: Initializing transformation service mixin
[20:05:04] [main/DEBUG] [mixin/]: MixinService [ModLauncher] was successfully booted in cpw.mods.cl.ModuleClassLoader@7d0587f1
[20:05:04] [main/INFO] [mixin/]: SpongePowered MIXIN Subsystem Version=0.8.7 Source=union:/home/ubuntu/.gradle/caches/modules-2/files-2.1/net.fabricmc/sponge-mixin/0.15.2+mixin.0.8.7/2af2f021d8e02a0220dc27a7a72b4666d66d44ca/sponge-mixin-0.15.2+mixin.0.8.7.jar%2394!/ Service=ModLauncher Env=SERVER
[20:05:04] [main/DEBUG] [mixin/]: Initialising Mixin Platform Manager
[20:05:04] [main/DEBUG] [mixin/]: Adding mixin platform agents for container ModLauncher Root Container(ModLauncher:4f56a0a2)
[20:05:04] [main/DEBUG] [mixin/]: Instancing new MixinPlatformAgentMinecraftForge for ModLauncher Root Container(ModLauncher:4f56a0a2)
[20:05:04] [main/DEBUG] [mixin/]: MixinPlatformAgentMinecraftForge rejected container ModLauncher Root Container(ModLauncher:4f56a0a2)
[20:05:04] [main/DEBUG] [mixin/]: Instancing new MixinPlatformAgentDefault for ModLauncher Root Container(ModLauncher:4f56a0a2)
[20:05:04] [main/DEBUG] [mixin/]: MixinPlatformAgentDefault accepted container ModLauncher Root Container(ModLauncher:4f56a0a2)
[20:05:04] [main/DEBUG] [cp.mo.mo.TransformationServiceDecorator/MODLAUNCHER]: Initialized transformation service mixin
[20:05:04] [main/DEBUG] [cp.mo.mo.TransformationServiceDecorator/MODLAUNCHER]: Initializing transformation service fml
[20:05:04] [main/DEBUG] [ne.ne.fm.lo.FMLServiceProvider/CORE]: Setting up basic FML game directories
[20:05:04] [main/DEBUG] [ne.ne.fm.lo.FMLPaths/CORE]: Path GAMEDIR is /workspace/run
[20:05:04] [main/DEBUG] [ne.ne.fm.lo.FMLPaths/CORE]: Path MODSDIR is /workspace/run/mods
[20:05:04] [main/DEBUG] [ne.ne.fm.lo.FMLPaths/CORE]: Path CONFIGDIR is /workspace/run/config
[20:05:04] [main/DEBUG] [ne.ne.fm.lo.FMLPaths/CORE]: Path FMLCONFIG is /workspace/run/config/fml.toml
[20:05:04] [main/DEBUG] [ne.ne.fm.lo.FMLServiceProvider/CORE]: Loading configuration
[20:05:04] [main/DEBUG] [ne.ne.fm.lo.FMLServiceProvider/CORE]: Preparing launch handler
[20:05:04] [main/DEBUG] [ne.ne.fm.lo.FMLLoader/CORE]: Using forgeserverdev as launch service
[20:05:04] [main/DEBUG] [cp.mo.mo.TransformationServiceDecorator/MODLAUNCHER]: Initialized transformation service fml
[20:05:04] [main/DEBUG] [cp.mo.mo.TransformationServicesHandler/MODLAUNCHER]: Transformation services begin scanning
[20:05:04] [main/DEBUG] [cp.mo.mo.TransformationServiceDecorator/MODLAUNCHER]: Beginning scan trigger - transformation service mixin
[20:05:04] [main/DEBUG] [cp.mo.mo.TransformationServiceDecorator/MODLAUNCHER]: End scan trigger - transformation service mixin
[20:05:04] [main/DEBUG] [cp.mo.mo.TransformationServiceDecorator/MODLAUNCHER]: Beginning scan trigger - transformation service fml
[20:05:04] [main/DEBUG] [ne.ne.fm.lo.FMLServiceProvider/CORE]: Initiating mod scan
[20:05:04] [main/DEBUG] [ne.ne.fm.lo.ta.CommonLaunchHandler/CORE]: Got mod coordinates hbm%%/workspace/build/classes/java/main:hbm%%/workspace/build/resources/main from env
[20:05:04] [main/DEBUG] [ne.ne.fm.lo.ta.CommonLaunchHandler/CORE]: Found supplied mod coordinates [{hbm=[/workspace/build/classes/java/main, /workspace/build/resources/main]}]
[20:05:04] [main/DEBUG] [ne.ne.fm.lo.ta.CommonDevLaunchHandler/]: Launching with NeoForge from /workspace/build/moddev/artifacts/neoforge-21.1.228.jar
[20:05:04] [main/DEBUG] [ne.ne.fm.ut.ServiceLoaderUtil/CORE]: Found 4 implementations of IModFileCandidateLocator:
[20:05:04] [main/DEBUG] [ne.ne.fm.ut.ServiceLoaderUtil/CORE]: 	       0 - [built-in] net.neoforged.fml.loading.moddiscovery.locators.NeoForgeDevProvider from loader-4.0.42.jar
[20:05:04] [main/DEBUG] [ne.ne.fm.ut.ServiceLoaderUtil/CORE]: 	       0 - net.neoforged.fml.loading.moddiscovery.locators.ModsFolderLocator from loader-4.0.42.jar
[20:05:04] [main/DEBUG] [ne.ne.fm.ut.ServiceLoaderUtil/CORE]: 	       0 - net.neoforged.fml.loading.moddiscovery.locators.MavenDirectoryLocator from loader-4.0.42.jar
[20:05:04] [main/DEBUG] [ne.ne.fm.ut.ServiceLoaderUtil/CORE]: 	   -1000 - [built-in] net.neoforged.fml.loading.moddiscovery.locators.UserdevLocator from loader-4.0.42.jar
[20:05:04] [main/DEBUG] [ne.ne.fm.ut.ServiceLoaderUtil/CORE]: Found 2 implementations of IModFileReader:
[20:05:04] [main/DEBUG] [ne.ne.fm.ut.ServiceLoaderUtil/CORE]: 	       0 - net.neoforged.fml.loading.moddiscovery.readers.JarModsDotTomlModFileReader from loader-4.0.42.jar
[20:05:04] [main/DEBUG] [ne.ne.fm.ut.ServiceLoaderUtil/CORE]: 	   -1000 - net.neoforged.fml.loading.moddiscovery.readers.NestedLibraryModReader from loader-4.0.42.jar
[20:05:04] [main/DEBUG] [ne.ne.fm.ut.ServiceLoaderUtil/CORE]: Found 1 implementations of IDependencyLocator:
[20:05:04] [main/DEBUG] [ne.ne.fm.ut.ServiceLoaderUtil/CORE]: 	       0 - net.neoforged.fml.loading.moddiscovery.locators.JarInJarDependencyLocator from loader-4.0.42.jar
[20:05:04] [main/DEBUG] [ne.ne.fm.lo.mo.ModFileInfo/LOADING]: Found valid mod file neoforge-21.1.228.jar with {minecraft} mods - versions {1.21.1}
[20:05:04] [main/DEBUG] [ne.ne.fm.lo.mo.ModFileParser/LOADING]: Considering mod file candidate /workspace/build/moddev/artifacts/neoforge-21.1.228.jar
[20:05:04] [main/DEBUG] [ne.ne.fm.lo.mo.ModFileInfo/LOADING]: Found valid mod file neoforge-21.1.228.jar with {neoforge} mods - versions {21.1.228}
[20:05:04] [main/DEBUG] [ne.ne.fm.lo.mo.ModListHandler/CORE]: Found mod coordinates from lists: []
[20:05:04] [main/DEBUG] [ne.ne.fm.lo.mo.ModFileParser/LOADING]: Considering mod file candidate /workspace/build/classes/java/main
[20:05:04] [main/DEBUG] [ne.ne.fm.lo.mo.ModFileInfo/LOADING]: Found valid mod file main with {hbm} mods - versions {0.0.1-beta}
[20:05:04] [main/DEBUG] [ne.ne.fm.lo.mo.ModFileParser/LOADING]: Considering mod file candidate /workspace/build/moddev/artifacts/neoforge-21.1.228.jar
[20:05:04] [main/DEBUG] [ne.ne.fm.lo.mo.ModFileInfo/LOADING]: Found valid mod file neoforge-21.1.228.jar with {neoforge} mods - versions {21.1.228}
[20:05:04] [main/DEBUG] [ne.ne.fm.lo.mo.ModFileParser/LOADING]: Considering mod file candidate /home/ubuntu/.gradle/caches/modules-2/files-2.1/mezz.jei/jei-1.21.1-neoforge/19.25.0.325/8eb572aec4030c8cbaf277d1795cddfd5b751738/jei-1.21.1-neoforge-19.25.0.325.jar
[20:05:04] [main/DEBUG] [ne.ne.fm.lo.mo.ModFileInfo/LOADING]: Found valid mod file jei-1.21.1-neoforge-19.25.0.325.jar with {jei} mods - versions {19.25.0.325}
[20:05:04] [main/DEBUG] [ne.ne.fm.lo.mo.ModDiscoverer/]: Skipping /home/ubuntu/.gradle/caches/modules-2/files-2.1/net.neoforged.fancymodloader/earlydisplay/4.0.42/46555dbfff14e9e052f1f693aed14d542a74e111/earlydisplay-4.0.42.jar because it was already located earlier
[20:05:04] [main/DEBUG] [ne.ne.fm.lo.mo.ModDiscoverer/]: Skipping /home/ubuntu/.gradle/caches/modules-2/files-2.1/net.neoforged.fancymodloader/loader/4.0.42/76e15f98bf676fb44b36c5e776f52a55581ec43a/loader-4.0.42.jar because it was already located earlier
[20:05:04] [main/DEBUG] [ne.ne.fm.lo.mo.ModDiscoverer/]: Skipping /home/ubuntu/.gradle/caches/modules-2/files-2.1/net.neoforged.accesstransformers/at-modlauncher/10.0.1/5aba50202aceead086bc09fbc2751c9f05cb4890/at-modlauncher-10.0.1.jar because it was already located earlier
[20:05:04] [main/DEBUG] [ne.ne.fm.lo.mo.ModDiscoverer/]: Skipping /home/ubuntu/.gradle/caches/modules-2/files-2.1/net.neoforged/accesstransformers/10.0.1/fd83b5725f76eae9115e9355fa1c456a6a441400/accesstransformers-10.0.1.jar because it was already located earlier
[20:05:04] [main/DEBUG] [ne.ne.fm.lo.mo.ModDiscoverer/]: Skipping /home/ubuntu/.gradle/caches/modules-2/files-2.1/net.neoforged/bus/8.0.5/5b2d33285ab5d1554e9798ad98c40d6ea3868bd5/bus-8.0.5.jar because it was already located earlier
[20:05:04] [main/DEBUG] [ne.ne.fm.lo.mo.ModDiscoverer/]: Skipping /home/ubuntu/.gradle/caches/modules-2/files-2.1/net.neoforged/coremods/7.0.3/9147e6f638b4272b3bd5fc8f92ad37802512c6c/coremods-7.0.3.jar because it was already located earlier
[20:05:04] [main/DEBUG] [ne.ne.fm.lo.mo.ModDiscoverer/]: Skipping /home/ubuntu/.gradle/caches/modules-2/files-2.1/cpw.mods/modlauncher/11.0.5/b8f0d49294f733fdb6173931b263553e943dc950/modlauncher-11.0.5.jar because it was already located earlier
[20:05:04] [main/DEBUG] [ne.ne.fm.lo.mo.ModDiscoverer/]: Skipping /home/ubuntu/.gradle/caches/modules-2/files-2.1/net.neoforged/mergetool/2.0.0/52fe1949be64e3303aabaaa21e315f551db9c9f4/mergetool-2.0.0-api.jar because it was already located earlier
[20:05:04] [main/DEBUG] [ne.ne.fm.lo.mo.ModDiscoverer/]: Skipping /home/ubuntu/.gradle/caches/modules-2/files-2.1/com.electronwill.night-config/toml/3.8.3/90b2fd6efcb4a7d5b9810cf78f9d824994d717f2/toml-3.8.3.jar because it was already located earlier
[20:05:04] [main/DEBUG] [ne.ne.fm.lo.mo.ModDiscoverer/]: Skipping /home/ubuntu/.gradle/caches/modules-2/files-2.1/com.electronwill.night-config/core/3.8.3/b442a95f09e349927f5a945ecb594455870fcf4f/core-3.8.3.jar because it was already located earlier
[20:05:04] [main/DEBUG] [ne.ne.fm.lo.mo.ModDiscoverer/]: Skipping /home/ubuntu/.gradle/caches/modules-2/files-2.1/net.neoforged/JarJarSelector/0.4.1/fb3cc7a58af22ad2880adb98af6d518128c47dae/JarJarSelector-0.4.1.jar because it was already located earlier
[20:05:04] [main/DEBUG] [ne.ne.fm.lo.mo.ModDiscoverer/]: Skipping /home/ubuntu/.gradle/caches/modules-2/files-2.1/net.neoforged/JarJarMetadata/0.4.1/f8da03683dc81694556dc3e177c5e3bb77ae6fcb/JarJarMetadata-0.4.1.jar because it was already located earlier
[20:05:04] [main/DEBUG] [ne.ne.fm.lo.mo.ModDiscoverer/]: Skipping /home/ubuntu/.gradle/caches/modules-2/files-2.1/org.apache.maven/maven-artifact/3.8.5/4433f50c07debefaed0553bd0068f4f48d449313/maven-artifact-3.8.5.jar because it was already located earlier
[20:05:04] [main/DEBUG] [ne.ne.fm.lo.mo.ModDiscoverer/]: Skipping /home/ubuntu/.gradle/caches/modules-2/files-2.1/net.jodah/typetools/0.6.3/a01aaa6ddaea9ec07ec4f209487b7a46a526283a/typetools-0.6.3.jar because it was already located earlier
[20:05:04] [main/DEBUG] [ne.ne.fm.lo.mo.ModDiscoverer/]: Skipping /home/ubuntu/.gradle/caches/modules-2/files-2.1/net.minecrell/terminalconsoleappender/1.3.0/b562e9bb61235c9520e26282cdee71f8f802d1fc/terminalconsoleappender-1.3.0.jar because it was already located earlier
[20:05:04] [main/DEBUG] [ne.ne.fm.lo.mo.ModDiscoverer/]: Skipping /home/ubuntu/.gradle/caches/modules-2/files-2.1/net.fabricmc/sponge-mixin/0.15.2+mixin.0.8.7/2af2f021d8e02a0220dc27a7a72b4666d66d44ca/sponge-mixin-0.15.2+mixin.0.8.7.jar because it was already located earlier
[20:05:04] [main/DEBUG] [ne.ne.fm.lo.mo.ModDiscoverer/]: Skipping /home/ubuntu/.gradle/caches/modules-2/files-2.1/org.openjdk.nashorn/nashorn-core/15.4/f67f5ffaa5f5130cf6fb9b133da00c7df3b532a5/nashorn-core-15.4.jar because it was already located earlier
[20:05:04] [main/DEBUG] [ne.ne.fm.lo.mo.ModDiscoverer/]: Skipping /home/ubuntu/.gradle/caches/modules-2/files-2.1/org.apache.commons/commons-lang3/3.14.0/1ed471194b02f2c6cb734a0cd6f6f107c673afae/commons-lang3-3.14.0.jar because it was already located earlier
[20:05:04] [main/DEBUG] [ne.ne.fm.lo.mo.ModDiscoverer/]: Skipping /home/ubuntu/.gradle/caches/modules-2/files-2.1/net.sf.jopt-simple/jopt-simple/5.0.4/4fdac2fbe92dfad86aa6e9301736f6b4342a3f5c/jopt-simple-5.0.4.jar because it was already located earlier
[20:05:04] [main/DEBUG] [ne.ne.fm.lo.mo.ModDiscoverer/]: Skipping /home/ubuntu/.gradle/caches/modules-2/files-2.1/commons-io/commons-io/2.15.1/f11560da189ab563a5c8e351941415430e9304ea/commons-io-2.15.1.jar because it was already located earlier
[20:05:04] [main/DEBUG] [ne.ne.fm.lo.mo.ModDiscoverer/]: Skipping /home/ubuntu/.gradle/caches/modules-2/files-2.1/com.mojang/logging/1.2.7/24cb95ffb0e3433fd6e844c04e68009e504ca1c0/logging-1.2.7.jar because it was already located earlier
[20:05:04] [main/DEBUG] [ne.ne.fm.lo.mo.ModDiscoverer/]: Skipping /home/ubuntu/.gradle/caches/modules-2/files-2.1/org.apache.logging.log4j/log4j-slf4j2-impl/2.22.1/d7e6693c2606cb7e7335047d7bb96dec52db5665/log4j-slf4j2-impl-2.22.1.jar because it was already located earlier
[20:05:04] [main/DEBUG] [ne.ne.fm.lo.mo.ModDiscoverer/]: Skipping /home/ubuntu/.gradle/caches/modules-2/files-2.1/org.apache.logging.log4j/log4j-core/2.22.1/7183a25510a02ad00cc6a95d3b3d2a7d3c5a8dc4/log4j-core-2.22.1.jar because it was already located earlier
[20:05:04] [main/DEBUG] [ne.ne.fm.lo.mo.ModDiscoverer/]: Skipping /home/ubuntu/.gradle/caches/modules-2/files-2.1/org.apache.logging.log4j/log4j-api/2.22.1/bea6fede6328fabafd7e68363161a7ea6605abd1/log4j-api-2.22.1.jar because it was already located earlier
[20:05:04] [main/DEBUG] [ne.ne.fm.lo.mo.ModDiscoverer/]: Skipping /home/ubuntu/.gradle/caches/modules-2/files-2.1/com.google.guava/guava/32.1.2-jre/5e64ec7e056456bef3a4bc4c6fdaef71e8ab6318/guava-32.1.2-jre.jar because it was already located earlier
[20:05:04] [main/DEBUG] [ne.ne.fm.lo.mo.ModDiscoverer/]: Skipping /home/ubuntu/.gradle/caches/modules-2/files-2.1/com.google.code.gson/gson/2.10.1/b3add478d4382b78ea20b1671390a858002feb6c/gson-2.10.1.jar because it was already located earlier
[20:05:04] [main/DEBUG] [ne.ne.fm.lo.mo.ModDiscoverer/]: Skipping /home/ubuntu/.gradle/caches/modules-2/files-2.1/org.slf4j/slf4j-api/2.0.9/7cf2726fdcfbc8610f9a71fb3ed639871f315340/slf4j-api-2.0.9.jar because it was already located earlier
[20:05:04] [main/DEBUG] [ne.ne.fm.lo.mo.ModDiscoverer/]: Skipping /home/ubuntu/.gradle/caches/modules-2/files-2.1/org.antlr/antlr4-runtime/4.13.1/17125bae1d965624e265ef49552f6465a2bfa307/antlr4-runtime-4.13.1.jar because it was already located earlier
[20:05:04] [main/DEBUG] [ne.ne.fm.lo.mo.ModDiscoverer/]: Skipping /home/ubuntu/.gradle/caches/modules-2/files-2.1/net.minecraftforge/srgutils/0.4.15/ca408b131759478f164e010fae0d73997e125fb5/srgutils-0.4.15.jar because it was already located earlier
[20:05:04] [main/DEBUG] [ne.ne.fm.lo.mo.ModDiscoverer/]: Skipping /home/ubuntu/.gradle/caches/modules-2/files-2.1/org.codehaus.plexus/plexus-utils/3.3.0/cf43b5391de623b36fe066a21127baef82c64022/plexus-utils-3.3.0.jar because it was already located earlier
[20:05:04] [main/DEBUG] [ne.ne.fm.lo.mo.ModDiscoverer/]: Skipping /home/ubuntu/.gradle/caches/modules-2/files-2.1/org.jline/jline-reader/3.20.0/8f15415b022a25b473e8e16c28ae913186ffb9c4/jline-reader-3.20.0.jar because it was already located earlier
[20:05:04] [main/DEBUG] [ne.ne.fm.lo.mo.ModDiscoverer/]: Skipping /home/ubuntu/.gradle/caches/modules-2/files-2.1/com.machinezoo.noexception/noexception/1.7.1/b65330c98e38a1f915fa54a6e5eca496505e3f0a/noexception-1.7.1.jar because it was already located earlier
[20:05:04] [main/DEBUG] [ne.ne.fm.lo.mo.ModDiscoverer/]: Skipping /home/ubuntu/.gradle/caches/modules-2/files-2.1/com.github.oshi/oshi-core/6.4.10/b1d8ab82d11d92fd639b56d639f8f46f739dd5fa/oshi-core-6.4.10.jar because it was already located earlier
[20:05:04] [main/DEBUG] [ne.ne.fm.lo.mo.ModDiscoverer/]: Skipping /home/ubuntu/.gradle/caches/modules-2/files-2.1/com.google.guava/failureaccess/1.0.1/1dcf1de382a0bf95a3d8b0849546c88bac1292c9/failureaccess-1.0.1.jar because it was already located earlier
[20:05:04] [main/DEBUG] [ne.ne.fm.lo.mo.ModDiscoverer/]: Skipping /home/ubuntu/.gradle/caches/modules-2/files-2.1/com.mojang/authlib/6.0.54/de8bc95660e1b2fe8793fd427a7a10dcec5b3ea7/authlib-6.0.54.jar because it was already located earlier
[20:05:04] [main/DEBUG] [ne.ne.fm.lo.mo.ModDiscoverer/]: Skipping /home/ubuntu/.gradle/caches/modules-2/files-2.1/com.mojang/brigadier/1.3.10/d15b53a14cf20fdcaa98f731af5dda654452c010/brigadier-1.3.10.jar because it was already located earlier
[20:05:04] [main/DEBUG] [ne.ne.fm.lo.mo.ModDiscoverer/]: Skipping /home/ubuntu/.gradle/caches/modules-2/files-2.1/com.mojang/datafixerupper/8.0.16/67d4de6d7f95d89bcf5862995fb854ebaec02a34/datafixerupper-8.0.16.jar because it was already located earlier
[20:05:04] [main/DEBUG] [ne.ne.fm.lo.mo.ModDiscoverer/]: Skipping /home/ubuntu/.gradle/caches/modules-2/files-2.1/io.netty/netty-buffer/4.1.97.Final/f8f3d8644afa5e6e1a40a3a6aeb9d9aa970ecb4f/netty-buffer-4.1.97.Final.jar because it was already located earlier
[20:05:04] [main/DEBUG] [ne.ne.fm.lo.mo.ModDiscoverer/]: Skipping /home/ubuntu/.gradle/caches/modules-2/files-2.1/io.netty/netty-codec/4.1.97.Final/384ba4d75670befbedb45c4d3b497a93639c206d/netty-codec-4.1.97.Final.jar because it was already located earlier
[20:05:04] [main/DEBUG] [ne.ne.fm.lo.mo.ModDiscoverer/]: Skipping /home/ubuntu/.gradle/caches/modules-2/files-2.1/io.netty/netty-common/4.1.97.Final/7cceacaf11df8dc63f23d0fb58e9d4640fc88404/netty-common-4.1.97.Final.jar because it was already located earlier
[20:05:04] [main/DEBUG] [ne.ne.fm.lo.mo.ModDiscoverer/]: Skipping /home/ubuntu/.gradle/caches/modules-2/files-2.1/io.netty/netty-handler/4.1.97.Final/abb86c6906bf512bf2b797a41cd7d2e8d3cd7c36/netty-handler-4.1.97.Final.jar because it was already located earlier
[20:05:04] [main/DEBUG] [ne.ne.fm.lo.mo.ModDiscoverer/]: Skipping /home/ubuntu/.gradle/caches/modules-2/files-2.1/io.netty/netty-resolver/4.1.97.Final/cec8348108dc76c47cf87c669d514be52c922144/netty-resolver-4.1.97.Final.jar because it was already located earlier
[20:05:04] [main/DEBUG] [ne.ne.fm.lo.mo.ModDiscoverer/]: Skipping /home/ubuntu/.gradle/caches/modules-2/files-2.1/io.netty/netty-transport-classes-epoll/4.1.97.Final/795da37ded759e862457a82d9d92c4d39ce8ecee/netty-transport-classes-epoll-4.1.97.Final.jar because it was already located earlier
[20:05:04] [main/DEBUG] [ne.ne.fm.lo.mo.ModDiscoverer/]: Skipping /home/ubuntu/.gradle/caches/modules-2/files-2.1/io.netty/netty-transport-native-unix-common/4.1.97.Final/d469d84265ab70095b01b40886cabdd433b6e664/netty-transport-native-unix-common-4.1.97.Final.jar because it was already located earlier
[20:05:04] [main/DEBUG] [ne.ne.fm.lo.mo.ModDiscoverer/]: Skipping /home/ubuntu/.gradle/caches/modules-2/files-2.1/io.netty/netty-transport/4.1.97.Final/f37380d23c9bb079bc702910833b2fd532c9abd0/netty-transport-4.1.97.Final.jar because it was already located earlier
[20:05:04] [main/DEBUG] [ne.ne.fm.lo.mo.ModDiscoverer/]: Skipping /home/ubuntu/.gradle/caches/modules-2/files-2.1/it.unimi.dsi/fastutil/8.5.12/c24946d46824bd528054bface3231d2ecb7e95e8/fastutil-8.5.12.jar because it was already located earlier
[20:05:04] [main/DEBUG] [ne.ne.fm.lo.mo.ModDiscoverer/]: Skipping /home/ubuntu/.gradle/caches/modules-2/files-2.1/net.java.dev.jna/jna-platform/5.14.0/28934d48aed814f11e4c584da55c49fa7032b31b/jna-platform-5.14.0.jar because it was already located earlier
[20:05:04] [main/DEBUG] [ne.ne.fm.lo.mo.ModDiscoverer/]: Skipping /home/ubuntu/.gradle/caches/modules-2/files-2.1/net.java.dev.jna/jna/5.14.0/67bf3eaea4f0718cb376a181a629e5f88fa1c9dd/jna-5.14.0.jar because it was already located earlier
[20:05:04] [main/DEBUG] [ne.ne.fm.lo.mo.ModDiscoverer/]: Skipping /home/ubuntu/.gradle/caches/modules-2/files-2.1/org.joml/joml/1.10.5/22566d58af70ad3d72308bab63b8339906deb649/joml-1.10.5.jar because it was already located earlier
[20:05:04] [main/DEBUG] [ne.ne.fm.lo.mo.ModDiscoverer/]: Skipping /home/ubuntu/.gradle/caches/modules-2/files-2.1/org.lz4/lz4-java/1.8.0/4b986a99445e49ea5fbf5d149c4b63f6ed6c6780/lz4-java-1.8.0.jar because it was already located earlier
[20:05:04] [main/DEBUG] [ne.ne.fm.lo.mo.ModDiscoverer/]: Skipping /home/ubuntu/.gradle/caches/modules-2/files-2.1/org.jline/jline-terminal/3.20.0/d0ddcc708ddf527a3454c941b7b9225cc83a15ff/jline-terminal-3.20.0.jar because it was already located earlier
[20:05:04] [main/DEBUG] [ne.ne.fm.lo.mo.ModDiscoverer/]: Skipping /home/ubuntu/.gradle/caches/modules-2/files-2.1/io.netty/netty-transport-native-epoll/4.1.97.Final/5514744c588190ffda076b35a9b8c9f24946a960/netty-transport-native-epoll-4.1.97.Final-linux-aarch_64.jar because it was already located earlier
[20:05:04] [main/DEBUG] [ne.ne.fm.lo.mo.ModDiscoverer/]: Skipping /home/ubuntu/.gradle/caches/modules-2/files-2.1/io.netty/netty-transport-native-epoll/4.1.97.Final/54188f271e388e7f313aea995e82f58ce2cdb809/netty-transport-native-epoll-4.1.97.Final-linux-x86_64.jar because it was already located earlier
[20:05:04] [main/DEBUG] [ne.ne.fm.lo.mo.ModDiscoverer/]: Skipping /home/ubuntu/.gradle/caches/modules-2/files-2.1/com.google.guava/listenablefuture/9999.0-empty-to-avoid-conflict-with-guava/b421526c5f297295adef1c886e5246c39d4ac629/listenablefuture-9999.0-empty-to-avoid-conflict-with-guava.jar because it was already located earlier
[20:05:04] [main/DEBUG] [ne.ne.fm.lo.mo.ModDiscoverer/]: Skipping /home/ubuntu/.gradle/caches/modules-2/files-2.1/com.google.code.findbugs/jsr305/3.0.2/25ea2e8b0c338a877313bd4672d3fe056ea78f0d/jsr305-3.0.2.jar because it was already located earlier
[20:05:04] [main/DEBUG] [ne.ne.fm.lo.mo.ModDiscoverer/]: Skipping /home/ubuntu/.gradle/caches/modules-2/files-2.1/org.checkerframework/checker-qual/3.33.0/de2b60b62da487644fc11f734e73c8b0b431238f/checker-qual-3.33.0.jar because it was already located earlier
[20:05:04] [main/DEBUG] [ne.ne.fm.lo.mo.ModDiscoverer/]: Skipping /home/ubuntu/.gradle/caches/modules-2/files-2.1/com.google.errorprone/error_prone_annotations/2.18.0/89b684257096f548fa39a7df9fdaa409d4d4df91/error_prone_annotations-2.18.0.jar because it was already located earlier
[20:05:04] [main/DEBUG] [ne.ne.fm.lo.mo.ModDiscoverer/]: Skipping /home/ubuntu/.gradle/caches/modules-2/files-2.1/com.google.j2objc/j2objc-annotations/2.8/c85270e307e7b822f1086b93689124b89768e273/j2objc-annotations-2.8.jar because it was already located earlier
[20:05:04] [main/DEBUG] [ne.ne.fm.lo.UniqueModListBuilder/]: Found 2 mods for first modid neoforge, selecting most recent based on version data
[20:05:04] [main/DEBUG] [ne.ne.fm.lo.UniqueModListBuilder/]: Selected file neoforge-21.1.228.jar for modid neoforge with version 21.1.228
[20:05:04] [main/INFO] [ne.ne.fm.lo.mo.lo.JarInJarDependencyLocator/]: Found 2 dependencies adding them to mods collection
[20:05:04] [main/INFO] [ne.ne.fm.lo.mo.ModDiscoverer/]: 
     Mod List:
		Name Version (Mod Id)

		HBM CE NeoForge 0.0.1-beta (hbm)
		Just Enough Items 19.25.0.325 (jei)
		Minecraft 1.21.1 (minecraft)
		NeoForge 21.1.228 (neoforge)
[20:05:04] [main/DEBUG] [ne.ne.fm.lo.mo.ModFileInfo/LOADING]: Found valid mod file neoforge-21.1.228.jar with {minecraft} mods - versions {1.21.1}
[20:05:04] [main/DEBUG] [ne.ne.fm.lo.mo.ModFile/LOADING]: Loading mod file /workspace/build/moddev/artifacts/neoforge-21.1.228.jar with languages [LanguageSpec[languageName=minecraft, acceptedVersions=1]]
[20:05:04] [main/DEBUG] [ne.ne.fm.lo.mo.ModFileParser/LOADING]: Considering mod file candidate /workspace/build/classes/java/main
[20:05:04] [main/DEBUG] [ne.ne.fm.lo.mo.ModFileInfo/LOADING]: Found valid mod file main with {hbm} mods - versions {0.0.1-beta}
[20:05:04] [main/DEBUG] [ne.ne.fm.lo.mo.ModFile/LOADING]: Loading mod file /workspace/build/classes/java/main with languages [LanguageSpec[languageName=javafml, acceptedVersions=[3,)]]
[20:05:04] [main/DEBUG] [ne.ne.fm.lo.mo.ModFileParser/LOADING]: Considering mod file candidate /workspace/build/moddev/artifacts/neoforge-21.1.228.jar
[20:05:04] [main/DEBUG] [ne.ne.fm.lo.mo.ModFileInfo/LOADING]: Found valid mod file neoforge-21.1.228.jar with {neoforge} mods - versions {21.1.228}
[20:05:04] [main/DEBUG] [ne.ne.fm.lo.mo.ModFile/LOADING]: Loading mod file /workspace/build/moddev/artifacts/neoforge-21.1.228.jar with languages [LanguageSpec[languageName=javafml, acceptedVersions=[3,]]]
[20:05:04] [main/DEBUG] [ne.ne.fm.lo.mo.ModFile/LOADING]: Found mixin config MixinConfig[config=neoforge.mixins.json, requiredMods=[]]
[20:05:04] [main/DEBUG] [ne.ne.fm.lo.mo.ModFileParser/LOADING]: Considering mod file candidate /home/ubuntu/.gradle/caches/modules-2/files-2.1/mezz.jei/jei-1.21.1-neoforge/19.25.0.325/8eb572aec4030c8cbaf277d1795cddfd5b751738/jei-1.21.1-neoforge-19.25.0.325.jar
[20:05:04] [main/DEBUG] [ne.ne.fm.lo.mo.ModFileInfo/LOADING]: Found valid mod file jei-1.21.1-neoforge-19.25.0.325.jar with {jei} mods - versions {19.25.0.325}
[20:05:04] [main/DEBUG] [ne.ne.fm.lo.mo.ModFile/LOADING]: Loading mod file /home/ubuntu/.gradle/caches/modules-2/files-2.1/mezz.jei/jei-1.21.1-neoforge/19.25.0.325/8eb572aec4030c8cbaf277d1795cddfd5b751738/jei-1.21.1-neoforge-19.25.0.325.jar with languages [LanguageSpec[languageName=javafml, acceptedVersions=[4,)]]
[20:05:04] [main/DEBUG] [ne.ne.fm.lo.mo.ModFile/LOADING]: Loading mod file  with languages []
[20:05:04] [main/DEBUG] [cp.mo.mo.TransformationServiceDecorator/MODLAUNCHER]: End scan trigger - transformation service fml
[20:05:04] [main/DEBUG] [ne.ne.fm.ut.ServiceLoaderUtil/CORE]: Found 3 implementations of IModLanguageLoader:
[20:05:04] [main/DEBUG] [ne.ne.fm.ut.ServiceLoaderUtil/CORE]: 	net.neoforged.fml.javafmlmod.FMLJavaModLanguageProvider from loader-4.0.42.jar
[20:05:04] [main/DEBUG] [ne.ne.fm.ut.ServiceLoaderUtil/CORE]: 	net.neoforged.fml.lowcodemod.LowCodeModLanguageProvider from loader-4.0.42.jar
[20:05:04] [main/DEBUG] [ne.ne.fm.ut.ServiceLoaderUtil/CORE]: 	net.neoforged.fml.mclanguageprovider.MinecraftModLanguageProvider from loader-4.0.42.jar
[20:05:04] [main/DEBUG] [ne.ne.fm.lo.LanguageProviderLoader/CORE]: Found language provider javafml, version 4.0.42
[20:05:04] [main/DEBUG] [ne.ne.fm.lo.LanguageProviderLoader/CORE]: Found language provider lowcodefml, version 4.0.42
[20:05:04] [main/DEBUG] [ne.ne.fm.lo.LanguageProviderLoader/CORE]: Found language provider minecraft, version 4.0.42
[20:05:04] [main/DEBUG] [ne.ne.fm.lo.ModSorter/]: Configured system mods: [minecraft, neoforge]
[20:05:04] [main/DEBUG] [ne.ne.fm.lo.ModSorter/]: Found system mod: minecraft
[20:05:04] [main/DEBUG] [ne.ne.fm.lo.ModSorter/]: Found system mod: neoforge
[20:05:04] [main/DEBUG] [ne.ne.fm.lo.ModSorter/LOADING]: Found 4 mod requirements (4 mandatory, 0 optional)
[20:05:04] [main/DEBUG] [ne.ne.fm.lo.ModSorter/LOADING]: Found 0 mod requirements missing (0 mandatory, 0 optional)
[20:05:04] [main/DEBUG] [mixin/]: Adding mixin platform agents for container net.neoforged.fml.loading.mixin.FMLMixinContainerHandle@4a29f290
[20:05:04] [main/DEBUG] [mixin/]: Instancing new MixinPlatformAgentMinecraftForge for net.neoforged.fml.loading.mixin.FMLMixinContainerHandle@4a29f290
[20:05:04] [main/DEBUG] [mixin/]: MixinPlatformAgentMinecraftForge rejected container net.neoforged.fml.loading.mixin.FMLMixinContainerHandle@4a29f290
[20:05:04] [main/DEBUG] [mixin/]: Instancing new MixinPlatformAgentDefault for net.neoforged.fml.loading.mixin.FMLMixinContainerHandle@4a29f290
[20:05:04] [main/DEBUG] [mixin/]: MixinPlatformAgentDefault accepted container net.neoforged.fml.loading.mixin.FMLMixinContainerHandle@4a29f290
[20:05:04] [main/DEBUG] [mixin/]: Instancing new FMLMixinPlatformAgent for net.neoforged.fml.loading.mixin.FMLMixinContainerHandle@4a29f290
[20:05:04] [main/DEBUG] [mixin/]: FMLMixinPlatformAgent accepted container net.neoforged.fml.loading.mixin.FMLMixinContainerHandle@4a29f290
[20:05:04] [main/DEBUG] [cp.mo.mo.TransformationServicesHandler/MODLAUNCHER]: Transformation services loading transformers
[20:05:04] [main/DEBUG] [cp.mo.mo.TransformationServiceDecorator/MODLAUNCHER]: Initializing transformers for transformation service mixin
[20:05:04] [main/DEBUG] [cp.mo.mo.TransformationServiceDecorator/MODLAUNCHER]: Initialized transformers for transformation service mixin
[20:05:04] [main/DEBUG] [cp.mo.mo.TransformationServiceDecorator/MODLAUNCHER]: Initializing transformers for transformation service fml
[20:05:04] [main/DEBUG] [ne.ne.fm.lo.FMLServiceProvider/LOADING]: Loading coremod transformers
[20:05:04] [main/DEBUG] [ne.ne.fm.lo.FMLServiceProvider/CORE]: Not loading coremod script-engine since no mod requested it
[20:05:04] [main/DEBUG] [ne.ne.fm.ut.ServiceLoaderUtil/CORE]: Found 1 implementations of ICoreMod:
[20:05:04] [main/DEBUG] [ne.ne.fm.ut.ServiceLoaderUtil/CORE]: 	net.neoforged.neoforge.coremods.NeoForgeCoreMod from neoforge-21.1.228.jar > net.neoforged.neoforge-coremods-21.1.228.jar
[20:05:04] [main/DEBUG] [ne.ne.fm.lo.FMLServiceProvider/CORE]: Adding [Target[className=net.minecraft.world.level.biome.Biome, elementName=, elementDescriptor=, targetType=cpw.mods.modlauncher.api.TargetType@614df0a4]] transformer from core-mod net.neoforged.neoforge.coremods.NeoForgeCoreMod@383790cf in neoforge-21.1.228.jar > net.neoforged.neoforge-coremods-21.1.228.jar
[20:05:04] [main/DEBUG] [ne.ne.fm.lo.FMLServiceProvider/CORE]: Adding [Target[className=net.minecraft.world.level.levelgen.structure.Structure, elementName=, elementDescriptor=, targetType=cpw.mods.modlauncher.api.TargetType@614df0a4]] transformer from core-mod net.neoforged.neoforge.coremods.NeoForgeCoreMod@383790cf in neoforge-21.1.228.jar > net.neoforged.neoforge-coremods-21.1.228.jar
[20:05:04] [main/DEBUG] [ne.ne.fm.lo.FMLServiceProvider/CORE]: Adding [Target[className=net.minecraft.world.level.block.FlowerPotBlock, elementName=, elementDescriptor=, targetType=cpw.mods.modlauncher.api.TargetType@614df0a4]] transformer from core-mod net.neoforged.neoforge.coremods.NeoForgeCoreMod@383790cf in neoforge-21.1.228.jar > net.neoforged.neoforge-coremods-21.1.228.jar
[20:05:04] [main/DEBUG] [ne.ne.fm.lo.FMLServiceProvider/CORE]: Adding [Target[className=net/minecraft/world/entity/npc/CatSpawner, elementName=, elementDescriptor=, targetType=cpw.mods.modlauncher.api.TargetType@614df0a4], Target[className=net/minecraft/world/level/levelgen/PhantomSpawner, elementName=, elementDescriptor=, targetType=cpw.mods.modlauncher.api.TargetType@614df0a4], Target[className=net/minecraft/server/commands/SummonCommand, elementName=, elementDescriptor=, targetType=cpw.mods.modlauncher.api.TargetType@614df0a4], Target[className=net/minecraft/world/level/levelgen/structure/structures/WoodlandMansionPieces$WoodlandMansionPiece, elementName=, elementDescriptor=, targetType=cpw.mods.modlauncher.api.TargetType@614df0a4], Target[className=net/minecraft/world/entity/monster/Spider, elementName=, elementDescriptor=, targetType=cpw.mods.modlauncher.api.TargetType@614df0a4], Target[className=net/minecraft/world/entity/npc/Villager, elementName=, elementDescriptor=, targetType=cpw.mods.modlauncher.api.TargetType@614df0a4], Target[className=net/minecraft/world/level/levelgen/structure/structures/OceanRuinPieces$OceanRuinPiece, elementName=, elementDescriptor=, targetType=cpw.mods.modlauncher.api.TargetType@614df0a4], Target[className=net/minecraft/world/entity/monster/Zombie, elementName=, elementDescriptor=, targetType=cpw.mods.modlauncher.api.TargetType@614df0a4], Target[className=net/minecraft/world/entity/animal/horse/SkeletonTrapGoal, elementName=, elementDescriptor=, targetType=cpw.mods.modlauncher.api.TargetType@614df0a4], Target[className=net/minecraft/world/level/levelgen/structure/templatesystem/StructureTemplate, elementName=, elementDescriptor=, targetType=cpw.mods.modlauncher.api.TargetType@614df0a4], Target[className=net/minecraft/world/entity/EntityType, elementName=, elementDescriptor=, targetType=cpw.mods.modlauncher.api.TargetType@614df0a4], Target[className=net/minecraft/world/entity/monster/Strider, elementName=, elementDescriptor=, targetType=cpw.mods.modlauncher.api.TargetType@614df0a4], Target[className=net/minecraft/world/entity/ai/village/VillageSiege, elementName=, elementDescriptor=, targetType=cpw.mods.modlauncher.api.TargetType@614df0a4], Target[className=net/minecraft/world/entity/monster/Evoker$EvokerSummonSpellGoal, elementName=, elementDescriptor=, targetType=cpw.mods.modlauncher.api.TargetType@614df0a4], Target[className=net/minecraft/server/commands/RaidCommand, elementName=, elementDescriptor=, targetType=cpw.mods.modlauncher.api.TargetType@614df0a4], Target[className=net/minecraft/world/level/levelgen/PatrolSpawner, elementName=, elementDescriptor=, targetType=cpw.mods.modlauncher.api.TargetType@614df0a4], Target[className=net/minecraft/world/entity/animal/frog/Tadpole, elementName=, elementDescriptor=, targetType=cpw.mods.modlauncher.api.TargetType@614df0a4], Target[className=net/minecraft/world/level/levelgen/structure/structures/SwampHutPiece, elementName=, elementDescriptor=, targetType=cpw.mods.modlauncher.api.TargetType@614df0a4], Target[className=net/minecraft/world/entity/raid/Raid, elementName=, elementDescriptor=, targetType=cpw.mods.modlauncher.api.TargetType@614df0a4], Target[className=net/minecraft/world/level/NaturalSpawner, elementName=, elementDescriptor=, targetType=cpw.mods.modlauncher.api.TargetType@614df0a4], Target[className=net/minecraft/world/level/levelgen/structure/structures/OceanMonumentPieces$OceanMonumentPiece, elementName=, elementDescriptor=, targetType=cpw.mods.modlauncher.api.TargetType@614df0a4], Target[className=net/minecraft/world/entity/monster/ZombieVillager, elementName=, elementDescriptor=, targetType=cpw.mods.modlauncher.api.TargetType@614df0a4]] transformer from core-mod net.neoforged.neoforge.coremods.NeoForgeCoreMod@383790cf in neoforge-21.1.228.jar > net.neoforged.neoforge-coremods-21.1.228.jar
[20:05:04] [main/DEBUG] [cp.mo.mo.TransformStore/MODLAUNCHER]: Adding transformer net.neoforged.neoforge.coremods.ReplaceFieldWithGetterAccess@73a00e09 to Target : cpw.mods.modlauncher.api.TargetType@614df0a4 {Lnet/minecraft/world/level/biome/Biome;} {} {V}
[20:05:04] [main/DEBUG] [cp.mo.mo.TransformStore/MODLAUNCHER]: Adding transformer net.neoforged.neoforge.coremods.ReplaceFieldWithGetterAccess@55b8dbda to Target : cpw.mods.modlauncher.api.TargetType@614df0a4 {Lnet/minecraft/world/level/levelgen/structure/Structure;} {} {V}
[20:05:04] [main/DEBUG] [cp.mo.mo.TransformStore/MODLAUNCHER]: Adding transformer net.neoforged.neoforge.coremods.ReplaceFieldWithGetterAccess@3b569985 to Target : cpw.mods.modlauncher.api.TargetType@614df0a4 {Lnet/minecraft/world/level/block/FlowerPotBlock;} {} {V}
[20:05:04] [main/DEBUG] [cp.mo.mo.TransformStore/MODLAUNCHER]: Adding transformer net.neoforged.neoforge.coremods.MethodRedirector@3a022576 to Target : cpw.mods.modlauncher.api.TargetType@614df0a4 {Lnet/minecraft/world/entity/npc/CatSpawner;} {} {V}
[20:05:04] [main/DEBUG] [cp.mo.mo.TransformStore/MODLAUNCHER]: Adding transformer net.neoforged.neoforge.coremods.MethodRedirector@3a022576 to Target : cpw.mods.modlauncher.api.TargetType@614df0a4 {Lnet/minecraft/world/level/levelgen/PhantomSpawner;} {} {V}
[20:05:04] [main/DEBUG] [cp.mo.mo.TransformStore/MODLAUNCHER]: Adding transformer net.neoforged.neoforge.coremods.MethodRedirector@3a022576 to Target : cpw.mods.modlauncher.api.TargetType@614df0a4 {Lnet/minecraft/server/commands/SummonCommand;} {} {V}
[20:05:04] [main/DEBUG] [cp.mo.mo.TransformStore/MODLAUNCHER]: Adding transformer net.neoforged.neoforge.coremods.MethodRedirector@3a022576 to Target : cpw.mods.modlauncher.api.TargetType@614df0a4 {Lnet/minecraft/world/level/levelgen/structure/structures/WoodlandMansionPieces$WoodlandMansionPiece;} {} {V}
[20:05:04] [main/DEBUG] [cp.mo.mo.TransformStore/MODLAUNCHER]: Adding transformer net.neoforged.neoforge.coremods.MethodRedirector@3a022576 to Target : cpw.mods.modlauncher.api.TargetType@614df0a4 {Lnet/minecraft/world/entity/monster/Spider;} {} {V}
[20:05:04] [main/DEBUG] [cp.mo.mo.TransformStore/MODLAUNCHER]: Adding transformer net.neoforged.neoforge.coremods.MethodRedirector@3a022576 to Target : cpw.mods.modlauncher.api.TargetType@614df0a4 {Lnet/minecraft/world/entity/npc/Villager;} {} {V}
[20:05:04] [main/DEBUG] [cp.mo.mo.TransformStore/MODLAUNCHER]: Adding transformer net.neoforged.neoforge.coremods.MethodRedirector@3a022576 to Target : cpw.mods.modlauncher.api.TargetType@614df0a4 {Lnet/minecraft/world/level/levelgen/structure/structures/OceanRuinPieces$OceanRuinPiece;} {} {V}
[20:05:04] [main/DEBUG] [cp.mo.mo.TransformStore/MODLAUNCHER]: Adding transformer net.neoforged.neoforge.coremods.MethodRedirector@3a022576 to Target : cpw.mods.modlauncher.api.TargetType@614df0a4 {Lnet/minecraft/world/entity/monster/Zombie;} {} {V}
[20:05:04] [main/DEBUG] [cp.mo.mo.TransformStore/MODLAUNCHER]: Adding transformer net.neoforged.neoforge.coremods.MethodRedirector@3a022576 to Target : cpw.mods.modlauncher.api.TargetType@614df0a4 {Lnet/minecraft/world/entity/animal/horse/SkeletonTrapGoal;} {} {V}
[20:05:04] [main/DEBUG] [cp.mo.mo.TransformStore/MODLAUNCHER]: Adding transformer net.neoforged.neoforge.coremods.MethodRedirector@3a022576 to Target : cpw.mods.modlauncher.api.TargetType@614df0a4 {Lnet/minecraft/world/level/levelgen/structure/templatesystem/StructureTemplate;} {} {V}
[20:05:04] [main/DEBUG] [cp.mo.mo.TransformStore/MODLAUNCHER]: Adding transformer net.neoforged.neoforge.coremods.MethodRedirector@3a022576 to Target : cpw.mods.modlauncher.api.TargetType@614df0a4 {Lnet/minecraft/world/entity/EntityType;} {} {V}
[20:05:04] [main/DEBUG] [cp.mo.mo.TransformStore/MODLAUNCHER]: Adding transformer net.neoforged.neoforge.coremods.MethodRedirector@3a022576 to Target : cpw.mods.modlauncher.api.TargetType@614df0a4 {Lnet/minecraft/world/entity/monster/Strider;} {} {V}
[20:05:04] [main/DEBUG] [cp.mo.mo.TransformStore/MODLAUNCHER]: Adding transformer net.neoforged.neoforge.coremods.MethodRedirector@3a022576 to Target : cpw.mods.modlauncher.api.TargetType@614df0a4 {Lnet/minecraft/world/entity/ai/village/VillageSiege;} {} {V}
[20:05:04] [main/DEBUG] [cp.mo.mo.TransformStore/MODLAUNCHER]: Adding transformer net.neoforged.neoforge.coremods.MethodRedirector@3a022576 to Target : cpw.mods.modlauncher.api.TargetType@614df0a4 {Lnet/minecraft/world/entity/monster/Evoker$EvokerSummonSpellGoal;} {} {V}
[20:05:04] [main/DEBUG] [cp.mo.mo.TransformStore/MODLAUNCHER]: Adding transformer net.neoforged.neoforge.coremods.MethodRedirector@3a022576 to Target : cpw.mods.modlauncher.api.TargetType@614df0a4 {Lnet/minecraft/server/commands/RaidCommand;} {} {V}
[20:05:04] [main/DEBUG] [cp.mo.mo.TransformStore/MODLAUNCHER]: Adding transformer net.neoforged.neoforge.coremods.MethodRedirector@3a022576 to Target : cpw.mods.modlauncher.api.TargetType@614df0a4 {Lnet/minecraft/world/level/levelgen/PatrolSpawner;} {} {V}
[20:05:04] [main/DEBUG] [cp.mo.mo.TransformStore/MODLAUNCHER]: Adding transformer net.neoforged.neoforge.coremods.MethodRedirector@3a022576 to Target : cpw.mods.modlauncher.api.TargetType@614df0a4 {Lnet/minecraft/world/entity/animal/frog/Tadpole;} {} {V}
[20:05:04] [main/DEBUG] [cp.mo.mo.TransformStore/MODLAUNCHER]: Adding transformer net.neoforged.neoforge.coremods.MethodRedirector@3a022576 to Target : cpw.mods.modlauncher.api.TargetType@614df0a4 {Lnet/minecraft/world/level/levelgen/structure/structures/SwampHutPiece;} {} {V}
[20:05:04] [main/DEBUG] [cp.mo.mo.TransformStore/MODLAUNCHER]: Adding transformer net.neoforged.neoforge.coremods.MethodRedirector@3a022576 to Target : cpw.mods.modlauncher.api.TargetType@614df0a4 {Lnet/minecraft/world/entity/raid/Raid;} {} {V}
[20:05:04] [main/DEBUG] [cp.mo.mo.TransformStore/MODLAUNCHER]: Adding transformer net.neoforged.neoforge.coremods.MethodRedirector@3a022576 to Target : cpw.mods.modlauncher.api.TargetType@614df0a4 {Lnet/minecraft/world/level/NaturalSpawner;} {} {V}
[20:05:04] [main/DEBUG] [cp.mo.mo.TransformStore/MODLAUNCHER]: Adding transformer net.neoforged.neoforge.coremods.MethodRedirector@3a022576 to Target : cpw.mods.modlauncher.api.TargetType@614df0a4 {Lnet/minecraft/world/level/levelgen/structure/structures/OceanMonumentPieces$OceanMonumentPiece;} {} {V}
[20:05:04] [main/DEBUG] [cp.mo.mo.TransformStore/MODLAUNCHER]: Adding transformer net.neoforged.neoforge.coremods.MethodRedirector@3a022576 to Target : cpw.mods.modlauncher.api.TargetType@614df0a4 {Lnet/minecraft/world/entity/monster/ZombieVillager;} {} {V}
[20:05:04] [main/DEBUG] [cp.mo.mo.TransformationServiceDecorator/MODLAUNCHER]: Initialized transformers for transformation service fml
[20:05:04] [main/DEBUG] [mixin/]: Processing prepare() for PlatformAgent[MixinPlatformAgentDefault:ModLauncher Root Container(ModLauncher:4f56a0a2)]
[20:05:04] [main/DEBUG] [mixin/]: Processing prepare() for PlatformAgent[MixinPlatformAgentDefault:net.neoforged.fml.loading.mixin.FMLMixinContainerHandle@4a29f290]
[20:05:04] [main/DEBUG] [mixin/]: Processing prepare() for PlatformAgent[FMLMixinPlatformAgent:null]
[20:05:04] [main/DEBUG] [mixin/]: Processing launch tasks for PlatformAgent[MixinPlatformAgentDefault:ModLauncher Root Container(ModLauncher:4f56a0a2)]
[20:05:04] [main/DEBUG] [mixin/]: Adding mixin platform agents for container SecureJarResource(mixin_synthetic)
[20:05:04] [main/DEBUG] [mixin/]: Instancing new MixinPlatformAgentMinecraftForge for SecureJarResource(mixin_synthetic)
[20:05:04] [main/DEBUG] [mixin/]: MixinPlatformAgentMinecraftForge rejected container SecureJarResource(mixin_synthetic)
[20:05:04] [main/DEBUG] [mixin/]: Instancing new MixinPlatformAgentDefault for SecureJarResource(mixin_synthetic)
[20:05:04] [main/DEBUG] [mixin/]: MixinPlatformAgentDefault accepted container SecureJarResource(mixin_synthetic)
[20:05:04] [main/DEBUG] [mixin/]: Instancing new FMLMixinPlatformAgent for SecureJarResource(mixin_synthetic)
[20:05:04] [main/DEBUG] [mixin/]: FMLMixinPlatformAgent rejected container SecureJarResource(mixin_synthetic)
[20:05:04] [main/DEBUG] [mixin/]: Processing prepare() for PlatformAgent[MixinPlatformAgentDefault:SecureJarResource(mixin_synthetic)]
[20:05:04] [main/DEBUG] [mixin/]: Adding mixin platform agents for container SecureJarResource(minecraft)
[20:05:04] [main/DEBUG] [mixin/]: Instancing new MixinPlatformAgentMinecraftForge for SecureJarResource(minecraft)
[20:05:04] [main/DEBUG] [mixin/]: MixinPlatformAgentMinecraftForge rejected container SecureJarResource(minecraft)
[20:05:04] [main/DEBUG] [mixin/]: Instancing new MixinPlatformAgentDefault for SecureJarResource(minecraft)
[20:05:04] [main/DEBUG] [mixin/]: MixinPlatformAgentDefault accepted container SecureJarResource(minecraft)
[20:05:04] [main/DEBUG] [mixin/]: Instancing new FMLMixinPlatformAgent for SecureJarResource(minecraft)
[20:05:04] [main/DEBUG] [mixin/]: FMLMixinPlatformAgent rejected container SecureJarResource(minecraft)
[20:05:04] [main/DEBUG] [mixin/]: Processing prepare() for PlatformAgent[MixinPlatformAgentDefault:SecureJarResource(minecraft)]
[20:05:04] [main/DEBUG] [mixin/]: Adding mixin platform agents for container SecureJarResource(hbm)
[20:05:04] [main/DEBUG] [mixin/]: Instancing new MixinPlatformAgentMinecraftForge for SecureJarResource(hbm)
[20:05:04] [main/DEBUG] [mixin/]: MixinPlatformAgentMinecraftForge rejected container SecureJarResource(hbm)
[20:05:04] [main/DEBUG] [mixin/]: Instancing new MixinPlatformAgentDefault for SecureJarResource(hbm)
[20:05:04] [main/DEBUG] [mixin/]: MixinPlatformAgentDefault accepted container SecureJarResource(hbm)
[20:05:04] [main/DEBUG] [mixin/]: Instancing new FMLMixinPlatformAgent for SecureJarResource(hbm)
[20:05:04] [main/DEBUG] [mixin/]: FMLMixinPlatformAgent rejected container SecureJarResource(hbm)
[20:05:04] [main/DEBUG] [mixin/]: Processing prepare() for PlatformAgent[MixinPlatformAgentDefault:SecureJarResource(hbm)]
[20:05:04] [main/DEBUG] [mixin/]: Adding mixin platform agents for container SecureJarResource(jei)
[20:05:04] [main/DEBUG] [mixin/]: Instancing new MixinPlatformAgentMinecraftForge for SecureJarResource(jei)
[20:05:04] [main/DEBUG] [mixin/]: MixinPlatformAgentMinecraftForge rejected container SecureJarResource(jei)
[20:05:04] [main/DEBUG] [mixin/]: Instancing new MixinPlatformAgentDefault for SecureJarResource(jei)
[20:05:04] [main/DEBUG] [mixin/]: MixinPlatformAgentDefault accepted container SecureJarResource(jei)
[20:05:04] [main/DEBUG] [mixin/]: Instancing new FMLMixinPlatformAgent for SecureJarResource(jei)
[20:05:04] [main/DEBUG] [mixin/]: FMLMixinPlatformAgent rejected container SecureJarResource(jei)
[20:05:04] [main/DEBUG] [mixin/]: Processing prepare() for PlatformAgent[MixinPlatformAgentDefault:SecureJarResource(jei)]
[20:05:04] [main/DEBUG] [mixin/]: Adding mixin platform agents for container SecureJarResource(mixinextras.neoforge)
[20:05:04] [main/DEBUG] [mixin/]: Instancing new MixinPlatformAgentMinecraftForge for SecureJarResource(mixinextras.neoforge)
[20:05:04] [main/DEBUG] [mixin/]: MixinPlatformAgentMinecraftForge rejected container SecureJarResource(mixinextras.neoforge)
[20:05:04] [main/DEBUG] [mixin/]: Instancing new MixinPlatformAgentDefault for SecureJarResource(mixinextras.neoforge)
[20:05:04] [main/DEBUG] [mixin/]: MixinPlatformAgentDefault accepted container SecureJarResource(mixinextras.neoforge)
[20:05:04] [main/DEBUG] [mixin/]: Instancing new FMLMixinPlatformAgent for SecureJarResource(mixinextras.neoforge)
[20:05:04] [main/DEBUG] [mixin/]: FMLMixinPlatformAgent rejected container SecureJarResource(mixinextras.neoforge)
[20:05:04] [main/DEBUG] [mixin/]: Processing prepare() for PlatformAgent[MixinPlatformAgentDefault:SecureJarResource(mixinextras.neoforge)]
[20:05:04] [main/DEBUG] [mixin/]: Registering mixin config: mixinextras.init.mixins.json source=SecureJarResource(mixinextras.neoforge)
[20:05:04] [main/DEBUG] [mixin/]: inject() running with 7 agents
[20:05:04] [main/DEBUG] [mixin/]: Processing inject() for PlatformAgent[MixinPlatformAgentDefault:ModLauncher Root Container(ModLauncher:4f56a0a2)]
[20:05:04] [main/DEBUG] [mixin/]: Processing inject() for PlatformAgent[MixinPlatformAgentDefault:net.neoforged.fml.loading.mixin.FMLMixinContainerHandle@4a29f290]
[20:05:04] [main/DEBUG] [mixin/]: Processing inject() for PlatformAgent[FMLMixinPlatformAgent:null]
[20:05:04] [main/DEBUG] [mixin/]: Processing inject() for PlatformAgent[MixinPlatformAgentDefault:SecureJarResource(mixin_synthetic)]
[20:05:04] [main/DEBUG] [mixin/]: Processing inject() for PlatformAgent[MixinPlatformAgentDefault:SecureJarResource(minecraft)]
[20:05:04] [main/DEBUG] [mixin/]: Processing inject() for PlatformAgent[MixinPlatformAgentDefault:SecureJarResource(hbm)]
[20:05:04] [main/DEBUG] [mixin/]: Processing inject() for PlatformAgent[MixinPlatformAgentDefault:SecureJarResource(jei)]
[20:05:04] [main/DEBUG] [mixin/]: Processing inject() for PlatformAgent[MixinPlatformAgentDefault:SecureJarResource(mixinextras.neoforge)]
[20:05:04] [main/INFO] [cp.mo.mo.LaunchServiceHandler/MODLAUNCHER]: Launching target 'forgeserverdev' with arguments [--gameDir, ., --nogui]
[20:05:04] [main/DEBUG] [mixin/]: Preparing mixins for MixinEnvironment[DEFAULT]
[20:05:04] [main/DEBUG] [mixin/]: Selecting config neoforge.mixins.json
[20:05:04] [main/DEBUG] [mixin/]: Selecting config mixinextras.init.mixins.json
[20:05:04] [main/DEBUG] [MixinExtras|Service/]: com.llamalad7.mixinextras.service.MixinExtrasServiceImpl(version=0.5.3) is taking over from null
[20:05:04] [main/DEBUG] [mixin/]: Registering new injector for @Inject with org.spongepowered.asm.mixin.injection.struct.CallbackInjectionInfo
[20:05:04] [main/DEBUG] [mixin/]: Registering new injector for @ModifyArg with org.spongepowered.asm.mixin.injection.struct.ModifyArgInjectionInfo
[20:05:04] [main/DEBUG] [mixin/]: Registering new injector for @ModifyArgs with org.spongepowered.asm.mixin.injection.struct.ModifyArgsInjectionInfo
[20:05:04] [main/DEBUG] [mixin/]: Registering new injector for @Redirect with org.spongepowered.asm.mixin.injection.struct.RedirectInjectionInfo
[20:05:04] [main/DEBUG] [mixin/]: Registering new injector for @ModifyVariable with org.spongepowered.asm.mixin.injection.struct.ModifyVariableInjectionInfo
[20:05:04] [main/DEBUG] [mixin/]: Registering new injector for @ModifyConstant with org.spongepowered.asm.mixin.injection.struct.ModifyConstantInjectionInfo
[20:05:04] [main/DEBUG] [mixin/]: Preparing neoforge.mixins.json (2)
[20:05:04] [main/DEBUG] [mixin/]: Preparing mixinextras.init.mixins.json (0)
[20:05:04] [main/DEBUG] [io.ne.ut.in.lo.InternalLoggerFactory/]: Using SLF4J as the default logging framework
[20:05:04] [main/DEBUG] [io.ne.ut.ResourceLeakDetector/]: -Dio.netty.leakDetection.level: simple
[20:05:04] [main/DEBUG] [io.ne.ut.ResourceLeakDetector/]: -Dio.netty.leakDetection.targetRecords: 4
[20:05:05] [main/DEBUG] [os.ut.FileUtil/]: No oshi.properties file found from ClassLoader cpw.mods.modlauncher.TransformingClassLoader@27fde870
[20:05:05] [main/DEBUG] [os.ut.FileUtil/]: Reading file /proc/self/auxv
[20:05:05] [main/DEBUG] [os.ut.FileUtil/]: Reading file /proc/self/auxv
[20:05:05] [main/DEBUG] [os.ut.FileUtil/]: Reading file /proc/stat
[20:05:05] [main/DEBUG] [os.ut.FileUtil/]: Reading file /sys/devices/system/cpu/cpu0/topology/core_id
[20:05:05] [main/DEBUG] [os.ut.FileUtil/]: Reading file /sys/devices/system/cpu/cpu0/topology/core_id
[20:05:05] [main/DEBUG] [os.ut.FileUtil/]: Reading file /sys/devices/system/cpu/cpu0/topology/physical_package_id
[20:05:05] [main/DEBUG] [os.ut.FileUtil/]: Reading file /sys/devices/system/cpu/cpu0/topology/physical_package_id
[20:05:05] [main/DEBUG] [os.ut.FileUtil/]: Reading file /sys/devices/system/cpu/cpu0/cpu_capacity
[20:05:05] [main/DEBUG] [os.ut.FileUtil/]: Reading file /sys/devices/system/cpu/cpu0/cache/index2/level
[20:05:05] [main/DEBUG] [os.ut.FileUtil/]: Reading file /sys/devices/system/cpu/cpu0/cache/index2/level
[20:05:05] [main/DEBUG] [os.ut.FileUtil/]: Reading file /sys/devices/system/cpu/cpu0/cache/index2/type
[20:05:05] [main/DEBUG] [os.ut.FileUtil/]: Reading file /sys/devices/system/cpu/cpu0/cache/index2/type
[20:05:05] [main/DEBUG] [os.ut.FileUtil/]: Reading file /sys/devices/system/cpu/cpu0/cache/index2/ways_of_associativity
[20:05:05] [main/DEBUG] [os.ut.FileUtil/]: Reading file /sys/devices/system/cpu/cpu0/cache/index2/ways_of_associativity
[20:05:05] [main/DEBUG] [os.ut.FileUtil/]: Reading file /sys/devices/system/cpu/cpu0/cache/index2/coherency_line_size
[20:05:05] [main/DEBUG] [os.ut.FileUtil/]: Reading file /sys/devices/system/cpu/cpu0/cache/index2/coherency_line_size
[20:05:05] [main/DEBUG] [os.ut.FileUtil/]: Reading file /sys/devices/system/cpu/cpu0/cache/index2/size
[20:05:05] [main/DEBUG] [os.ut.FileUtil/]: Reading file /sys/devices/system/cpu/cpu0/cache/index2/size
[20:05:05] [main/DEBUG] [os.ut.FileUtil/]: Reading file /sys/devices/system/cpu/cpu0/cache/index0/level
[20:05:05] [main/DEBUG] [os.ut.FileUtil/]: Reading file /sys/devices/system/cpu/cpu0/cache/index0/level
[20:05:05] [main/DEBUG] [os.ut.FileUtil/]: Reading file /sys/devices/system/cpu/cpu0/cache/index0/type
[20:05:05] [main/DEBUG] [os.ut.FileUtil/]: Reading file /sys/devices/system/cpu/cpu0/cache/index0/type
[20:05:05] [main/DEBUG] [os.ut.FileUtil/]: Reading file /sys/devices/system/cpu/cpu0/cache/index0/ways_of_associativity
[20:05:05] [main/DEBUG] [os.ut.FileUtil/]: Reading file /sys/devices/system/cpu/cpu0/cache/index0/ways_of_associativity
[20:05:05] [main/DEBUG] [os.ut.FileUtil/]: Reading file /sys/devices/system/cpu/cpu0/cache/index0/coherency_line_size
[20:05:05] [main/DEBUG] [os.ut.FileUtil/]: Reading file /sys/devices/system/cpu/cpu0/cache/index0/coherency_line_size
[20:05:05] [main/DEBUG] [os.ut.FileUtil/]: Reading file /sys/devices/system/cpu/cpu0/cache/index0/size
[20:05:05] [main/DEBUG] [os.ut.FileUtil/]: Reading file /sys/devices/system/cpu/cpu0/cache/index0/size
[20:05:05] [main/DEBUG] [os.ut.FileUtil/]: Reading file /sys/devices/system/cpu/cpu0/cache/index3/level
[20:05:05] [main/DEBUG] [os.ut.FileUtil/]: Reading file /sys/devices/system/cpu/cpu0/cache/index3/level
[20:05:05] [main/DEBUG] [os.ut.FileUtil/]: Reading file /sys/devices/system/cpu/cpu0/cache/index3/type
[20:05:05] [main/DEBUG] [os.ut.FileUtil/]: Reading file /sys/devices/system/cpu/cpu0/cache/index3/type
[20:05:05] [main/DEBUG] [os.ut.FileUtil/]: Reading file /sys/devices/system/cpu/cpu0/cache/index3/ways_of_associativity
[20:05:05] [main/DEBUG] [os.ut.FileUtil/]: Reading file /sys/devices/system/cpu/cpu0/cache/index3/ways_of_associativity
[20:05:05] [main/DEBUG] [os.ut.FileUtil/]: Reading file /sys/devices/system/cpu/cpu0/cache/index3/coherency_line_size
[20:05:05] [main/DEBUG] [os.ut.FileUtil/]: Reading file /sys/devices/system/cpu/cpu0/cache/index3/coherency_line_size
[20:05:05] [main/DEBUG] [os.ut.FileUtil/]: Reading file /sys/devices/system/cpu/cpu0/cache/index3/size
[20:05:05] [main/DEBUG] [os.ut.FileUtil/]: Reading file /sys/devices/system/cpu/cpu0/cache/index3/size
[20:05:05] [main/DEBUG] [os.ut.FileUtil/]: Reading file /sys/devices/system/cpu/cpu0/cache/index1/level
[20:05:05] [main/DEBUG] [os.ut.FileUtil/]: Reading file /sys/devices/system/cpu/cpu0/cache/index1/level
[20:05:05] [main/DEBUG] [os.ut.FileUtil/]: Reading file /sys/devices/system/cpu/cpu0/cache/index1/type
[20:05:05] [main/DEBUG] [os.ut.FileUtil/]: Reading file /sys/devices/system/cpu/cpu0/cache/index1/type
[20:05:05] [main/DEBUG] [os.ut.FileUtil/]: Reading file /sys/devices/system/cpu/cpu0/cache/index1/ways_of_associativity
[20:05:05] [main/DEBUG] [os.ut.FileUtil/]: Reading file /sys/devices/system/cpu/cpu0/cache/index1/ways_of_associativity
[20:05:05] [main/DEBUG] [os.ut.FileUtil/]: Reading file /sys/devices/system/cpu/cpu0/cache/index1/coherency_line_size
[20:05:05] [main/DEBUG] [os.ut.FileUtil/]: Reading file /sys/devices/system/cpu/cpu0/cache/index1/coherency_line_size
[20:05:05] [main/DEBUG] [os.ut.FileUtil/]: Reading file /sys/devices/system/cpu/cpu0/cache/index1/size
[20:05:05] [main/DEBUG] [os.ut.FileUtil/]: Reading file /sys/devices/system/cpu/cpu0/cache/index1/size
[20:05:05] [main/DEBUG] [os.ut.FileUtil/]: Reading file /sys/devices/system/cpu/cpu1/topology/core_id
[20:05:05] [main/DEBUG] [os.ut.FileUtil/]: Reading file /sys/devices/system/cpu/cpu1/topology/core_id
[20:05:05] [main/DEBUG] [os.ut.FileUtil/]: Reading file /sys/devices/system/cpu/cpu1/topology/physical_package_id
[20:05:05] [main/DEBUG] [os.ut.FileUtil/]: Reading file /sys/devices/system/cpu/cpu1/topology/physical_package_id
[20:05:05] [main/DEBUG] [os.ut.FileUtil/]: Reading file /sys/devices/system/cpu/cpu1/cpu_capacity
[20:05:05] [main/DEBUG] [os.ut.FileUtil/]: Reading file /sys/devices/system/cpu/cpu1/cache/index2/level
[20:05:05] [main/DEBUG] [os.ut.FileUtil/]: Reading file /sys/devices/system/cpu/cpu1/cache/index2/level
[20:05:05] [main/DEBUG] [os.ut.FileUtil/]: Reading file /sys/devices/system/cpu/cpu1/cache/index2/type
[20:05:05] [main/DEBUG] [os.ut.FileUtil/]: Reading file /sys/devices/system/cpu/cpu1/cache/index2/type
[20:05:05] [main/DEBUG] [os.ut.FileUtil/]: Reading file /sys/devices/system/cpu/cpu1/cache/index2/ways_of_associativity
[20:05:05] [main/DEBUG] [os.ut.FileUtil/]: Reading file /sys/devices/system/cpu/cpu1/cache/index2/ways_of_associativity
[20:05:05] [main/DEBUG] [os.ut.FileUtil/]: Reading file /sys/devices/system/cpu/cpu1/cache/index2/coherency_line_size
[20:05:05] [main/DEBUG] [os.ut.FileUtil/]: Reading file /sys/devices/system/cpu/cpu1/cache/index2/coherency_line_size
[20:05:05] [main/DEBUG] [os.ut.FileUtil/]: Reading file /sys/devices/system/cpu/cpu1/cache/index2/size
[20:05:05] [main/DEBUG] [os.ut.FileUtil/]: Reading file /sys/devices/system/cpu/cpu1/cache/index2/size
[20:05:05] [main/DEBUG] [os.ut.FileUtil/]: Reading file /sys/devices/system/cpu/cpu1/cache/index0/level
[20:05:05] [main/DEBUG] [os.ut.FileUtil/]: Reading file /sys/devices/system/cpu/cpu1/cache/index0/level
[20:05:05] [main/DEBUG] [os.ut.FileUtil/]: Reading file /sys/devices/system/cpu/cpu1/cache/index0/type
[20:05:05] [main/DEBUG] [os.ut.FileUtil/]: Reading file /sys/devices/system/cpu/cpu1/cache/index0/type
[20:05:05] [main/DEBUG] [os.ut.FileUtil/]: Reading file /sys/devices/system/cpu/cpu1/cache/index0/ways_of_associativity
[20:05:05] [main/DEBUG] [os.ut.FileUtil/]: Reading file /sys/devices/system/cpu/cpu1/cache/index0/ways_of_associativity
[20:05:05] [main/DEBUG] [os.ut.FileUtil/]: Reading file /sys/devices/system/cpu/cpu1/cache/index0/coherency_line_size
[20:05:05] [main/DEBUG] [os.ut.FileUtil/]: Reading file /sys/devices/system/cpu/cpu1/cache/index0/coherency_line_size
[20:05:05] [main/DEBUG] [os.ut.FileUtil/]: Reading file /sys/devices/system/cpu/cpu1/cache/index0/size
[20:05:05] [main/DEBUG] [os.ut.FileUtil/]: Reading file /sys/devices/system/cpu/cpu1/cache/index0/size
[20:05:05] [main/DEBUG] [os.ut.FileUtil/]: Reading file /sys/devices/system/cpu/cpu1/cache/index3/level
[20:05:05] [main/DEBUG] [os.ut.FileUtil/]: Reading file /sys/devices/system/cpu/cpu1/cache/index3/level
[20:05:05] [main/DEBUG] [os.ut.FileUtil/]: Reading file /sys/devices/system/cpu/cpu1/cache/index3/type
[20:05:05] [main/DEBUG] [os.ut.FileUtil/]: Reading file /sys/devices/system/cpu/cpu1/cache/index3/type
[20:05:05] [main/DEBUG] [os.ut.FileUtil/]: Reading file /sys/devices/system/cpu/cpu1/cache/index3/ways_of_associativity
[20:05:05] [main/DEBUG] [os.ut.FileUtil/]: Reading file /sys/devices/system/cpu/cpu1/cache/index3/ways_of_associativity
[20:05:05] [main/DEBUG] [os.ut.FileUtil/]: Reading file /sys/devices/system/cpu/cpu1/cache/index3/coherency_line_size
[20:05:05] [main/DEBUG] [os.ut.FileUtil/]: Reading file /sys/devices/system/cpu/cpu1/cache/index3/coherency_line_size
[20:05:05] [main/DEBUG] [os.ut.FileUtil/]: Reading file /sys/devices/system/cpu/cpu1/cache/index3/size
[20:05:05] [main/DEBUG] [os.ut.FileUtil/]: Reading file /sys/devices/system/cpu/cpu1/cache/index3/size
[20:05:05] [main/DEBUG] [os.ut.FileUtil/]: Reading file /sys/devices/system/cpu/cpu1/cache/index1/level
[20:05:05] [main/DEBUG] [os.ut.FileUtil/]: Reading file /sys/devices/system/cpu/cpu1/cache/index1/level
[20:05:05] [main/DEBUG] [os.ut.FileUtil/]: Reading file /sys/devices/system/cpu/cpu1/cache/index1/type
[20:05:05] [main/DEBUG] [os.ut.FileUtil/]: Reading file /sys/devices/system/cpu/cpu1/cache/index1/type
[20:05:05] [main/DEBUG] [os.ut.FileUtil/]: Reading file /sys/devices/system/cpu/cpu1/cache/index1/ways_of_associativity
[20:05:05] [main/DEBUG] [os.ut.FileUtil/]: Reading file /sys/devices/system/cpu/cpu1/cache/index1/ways_of_associativity
[20:05:05] [main/DEBUG] [os.ut.FileUtil/]: Reading file /sys/devices/system/cpu/cpu1/cache/index1/coherency_line_size
[20:05:05] [main/DEBUG] [os.ut.FileUtil/]: Reading file /sys/devices/system/cpu/cpu1/cache/index1/coherency_line_size
[20:05:05] [main/DEBUG] [os.ut.FileUtil/]: Reading file /sys/devices/system/cpu/cpu1/cache/index1/size
[20:05:05] [main/DEBUG] [os.ut.FileUtil/]: Reading file /sys/devices/system/cpu/cpu1/cache/index1/size
[20:05:05] [main/DEBUG] [os.ut.FileUtil/]: Reading file /sys/devices/system/cpu/cpu2/topology/core_id
[20:05:05] [main/DEBUG] [os.ut.FileUtil/]: Reading file /sys/devices/system/cpu/cpu2/topology/core_id
[20:05:05] [main/DEBUG] [os.ut.FileUtil/]: Reading file /sys/devices/system/cpu/cpu2/topology/physical_package_id
[20:05:05] [main/DEBUG] [os.ut.FileUtil/]: Reading file /sys/devices/system/cpu/cpu2/topology/physical_package_id
[20:05:05] [main/DEBUG] [os.ut.FileUtil/]: Reading file /sys/devices/system/cpu/cpu2/cpu_capacity
[20:05:05] [main/DEBUG] [os.ut.FileUtil/]: Reading file /sys/devices/system/cpu/cpu2/cache/index2/level
[20:05:05] [main/DEBUG] [os.ut.FileUtil/]: Reading file /sys/devices/system/cpu/cpu2/cache/index2/level
[20:05:05] [main/DEBUG] [os.ut.FileUtil/]: Reading file /sys/devices/system/cpu/cpu2/cache/index2/type
[20:05:05] [main/DEBUG] [os.ut.FileUtil/]: Reading file /sys/devices/system/cpu/cpu2/cache/index2/type
[20:05:05] [main/DEBUG] [os.ut.FileUtil/]: Reading file /sys/devices/system/cpu/cpu2/cache/index2/ways_of_associativity
[20:05:05] [main/DEBUG] [os.ut.FileUtil/]: Reading file /sys/devices/system/cpu/cpu2/cache/index2/ways_of_associativity
[20:05:05] [main/DEBUG] [os.ut.FileUtil/]: Reading file /sys/devices/system/cpu/cpu2/cache/index2/coherency_line_size
[20:05:05] [main/DEBUG] [os.ut.FileUtil/]: Reading file /sys/devices/system/cpu/cpu2/cache/index2/coherency_line_size
[20:05:05] [main/DEBUG] [os.ut.FileUtil/]: Reading file /sys/devices/system/cpu/cpu2/cache/index2/size
[20:05:05] [main/DEBUG] [os.ut.FileUtil/]: Reading file /sys/devices/system/cpu/cpu2/cache/index2/size
[20:05:05] [main/DEBUG] [os.ut.FileUtil/]: Reading file /sys/devices/system/cpu/cpu2/cache/index0/level
[20:05:05] [main/DEBUG] [os.ut.FileUtil/]: Reading file /sys/devices/system/cpu/cpu2/cache/index0/level
[20:05:05] [main/DEBUG] [os.ut.FileUtil/]: Reading file /sys/devices/system/cpu/cpu2/cache/index0/type
[20:05:05] [main/DEBUG] [os.ut.FileUtil/]: Reading file /sys/devices/system/cpu/cpu2/cache/index0/type
[20:05:05] [main/DEBUG] [os.ut.FileUtil/]: Reading file /sys/devices/system/cpu/cpu2/cache/index0/ways_of_associativity
[20:05:05] [main/DEBUG] [os.ut.FileUtil/]: Reading file /sys/devices/system/cpu/cpu2/cache/index0/ways_of_associativity
[20:05:05] [main/DEBUG] [os.ut.FileUtil/]: Reading file /sys/devices/system/cpu/cpu2/cache/index0/coherency_line_size
[20:05:05] [main/DEBUG] [os.ut.FileUtil/]: Reading file /sys/devices/system/cpu/cpu2/cache/index0/coherency_line_size
[20:05:05] [main/DEBUG] [os.ut.FileUtil/]: Reading file /sys/devices/system/cpu/cpu2/cache/index0/size
[20:05:05] [main/DEBUG] [os.ut.FileUtil/]: Reading file /sys/devices/system/cpu/cpu2/cache/index0/size
[20:05:05] [main/DEBUG] [os.ut.FileUtil/]: Reading file /sys/devices/system/cpu/cpu2/cache/index3/level
[20:05:05] [main/DEBUG] [os.ut.FileUtil/]: Reading file /sys/devices/system/cpu/cpu2/cache/index3/level
[20:05:05] [main/DEBUG] [os.ut.FileUtil/]: Reading file /sys/devices/system/cpu/cpu2/cache/index3/type
[20:05:05] [main/DEBUG] [os.ut.FileUtil/]: Reading file /sys/devices/system/cpu/cpu2/cache/index3/type
[20:05:05] [main/DEBUG] [os.ut.FileUtil/]: Reading file /sys/devices/system/cpu/cpu2/cache/index3/ways_of_associativity
[20:05:05] [main/DEBUG] [os.ut.FileUtil/]: Reading file /sys/devices/system/cpu/cpu2/cache/index3/ways_of_associativity
[20:05:05] [main/DEBUG] [os.ut.FileUtil/]: Reading file /sys/devices/system/cpu/cpu2/cache/index3/coherency_line_size
[20:05:05] [main/DEBUG] [os.ut.FileUtil/]: Reading file /sys/devices/system/cpu/cpu2/cache/index3/coherency_line_size
[20:05:05] [main/DEBUG] [os.ut.FileUtil/]: Reading file /sys/devices/system/cpu/cpu2/cache/index3/size
[20:05:05] [main/DEBUG] [os.ut.FileUtil/]: Reading file /sys/devices/system/cpu/cpu2/cache/index3/size
[20:05:05] [main/DEBUG] [os.ut.FileUtil/]: Reading file /sys/devices/system/cpu/cpu2/cache/index1/level
[20:05:05] [main/DEBUG] [os.ut.FileUtil/]: Reading file /sys/devices/system/cpu/cpu2/cache/index1/level
[20:05:05] [main/DEBUG] [os.ut.FileUtil/]: Reading file /sys/devices/system/cpu/cpu2/cache/index1/type
[20:05:05] [main/DEBUG] [os.ut.FileUtil/]: Reading file /sys/devices/system/cpu/cpu2/cache/index1/type
[20:05:05] [main/DEBUG] [os.ut.FileUtil/]: Reading file /sys/devices/system/cpu/cpu2/cache/index1/ways_of_associativity
[20:05:05] [main/DEBUG] [os.ut.FileUtil/]: Reading file /sys/devices/system/cpu/cpu2/cache/index1/ways_of_associativity
[20:05:05] [main/DEBUG] [os.ut.FileUtil/]: Reading file /sys/devices/system/cpu/cpu2/cache/index1/coherency_line_size
[20:05:05] [main/DEBUG] [os.ut.FileUtil/]: Reading file /sys/devices/system/cpu/cpu2/cache/index1/coherency_line_size
[20:05:05] [main/DEBUG] [os.ut.FileUtil/]: Reading file /sys/devices/system/cpu/cpu2/cache/index1/size
[20:05:05] [main/DEBUG] [os.ut.FileUtil/]: Reading file /sys/devices/system/cpu/cpu2/cache/index1/size
[20:05:05] [main/DEBUG] [os.ut.FileUtil/]: Reading file /sys/devices/system/cpu/cpu3/topology/core_id
[20:05:05] [main/DEBUG] [os.ut.FileUtil/]: Reading file /sys/devices/system/cpu/cpu3/topology/core_id
[20:05:05] [main/DEBUG] [os.ut.FileUtil/]: Reading file /sys/devices/system/cpu/cpu3/topology/physical_package_id
[20:05:05] [main/DEBUG] [os.ut.FileUtil/]: Reading file /sys/devices/system/cpu/cpu3/topology/physical_package_id
[20:05:05] [main/DEBUG] [os.ut.FileUtil/]: Reading file /sys/devices/system/cpu/cpu3/cpu_capacity
[20:05:05] [main/DEBUG] [os.ut.FileUtil/]: Reading file /sys/devices/system/cpu/cpu3/cache/index2/level
[20:05:05] [main/DEBUG] [os.ut.FileUtil/]: Reading file /sys/devices/system/cpu/cpu3/cache/index2/level
[20:05:05] [main/DEBUG] [os.ut.FileUtil/]: Reading file /sys/devices/system/cpu/cpu3/cache/index2/type
[20:05:05] [main/DEBUG] [os.ut.FileUtil/]: Reading file /sys/devices/system/cpu/cpu3/cache/index2/type
[20:05:05] [main/DEBUG] [os.ut.FileUtil/]: Reading file /sys/devices/system/cpu/cpu3/cache/index2/ways_of_associativity
[20:05:05] [main/DEBUG] [os.ut.FileUtil/]: Reading file /sys/devices/system/cpu/cpu3/cache/index2/ways_of_associativity
[20:05:05] [main/DEBUG] [os.ut.FileUtil/]: Reading file /sys/devices/system/cpu/cpu3/cache/index2/coherency_line_size
[20:05:05] [main/DEBUG] [os.ut.FileUtil/]: Reading file /sys/devices/system/cpu/cpu3/cache/index2/coherency_line_size
[20:05:05] [main/DEBUG] [os.ut.FileUtil/]: Reading file /sys/devices/system/cpu/cpu3/cache/index2/size
[20:05:05] [main/DEBUG] [os.ut.FileUtil/]: Reading file /sys/devices/system/cpu/cpu3/cache/index2/size
[20:05:05] [main/DEBUG] [os.ut.FileUtil/]: Reading file /sys/devices/system/cpu/cpu3/cache/index0/level
[20:05:05] [main/DEBUG] [os.ut.FileUtil/]: Reading file /sys/devices/system/cpu/cpu3/cache/index0/level
[20:05:05] [main/DEBUG] [os.ut.FileUtil/]: Reading file /sys/devices/system/cpu/cpu3/cache/index0/type
[20:05:05] [main/DEBUG] [os.ut.FileUtil/]: Reading file /sys/devices/system/cpu/cpu3/cache/index0/type
[20:05:05] [main/DEBUG] [os.ut.FileUtil/]: Reading file /sys/devices/system/cpu/cpu3/cache/index0/ways_of_associativity
[20:05:05] [main/DEBUG] [os.ut.FileUtil/]: Reading file /sys/devices/system/cpu/cpu3/cache/index0/ways_of_associativity
[20:05:05] [main/DEBUG] [os.ut.FileUtil/]: Reading file /sys/devices/system/cpu/cpu3/cache/index0/coherency_line_size
[20:05:05] [main/DEBUG] [os.ut.FileUtil/]: Reading file /sys/devices/system/cpu/cpu3/cache/index0/coherency_line_size
[20:05:05] [main/DEBUG] [os.ut.FileUtil/]: Reading file /sys/devices/system/cpu/cpu3/cache/index0/size
[20:05:05] [main/DEBUG] [os.ut.FileUtil/]: Reading file /sys/devices/system/cpu/cpu3/cache/index0/size
[20:05:05] [main/DEBUG] [os.ut.FileUtil/]: Reading file /sys/devices/system/cpu/cpu3/cache/index3/level
[20:05:05] [main/DEBUG] [os.ut.FileUtil/]: Reading file /sys/devices/system/cpu/cpu3/cache/index3/level
[20:05:05] [main/DEBUG] [os.ut.FileUtil/]: Reading file /sys/devices/system/cpu/cpu3/cache/index3/type
[20:05:05] [main/DEBUG] [os.ut.FileUtil/]: Reading file /sys/devices/system/cpu/cpu3/cache/index3/type
[20:05:05] [main/DEBUG] [os.ut.FileUtil/]: Reading file /sys/devices/system/cpu/cpu3/cache/index3/ways_of_associativity
[20:05:05] [main/DEBUG] [os.ut.FileUtil/]: Reading file /sys/devices/system/cpu/cpu3/cache/index3/ways_of_associativity
[20:05:05] [main/DEBUG] [os.ut.FileUtil/]: Reading file /sys/devices/system/cpu/cpu3/cache/index3/coherency_line_size
[20:05:05] [main/DEBUG] [os.ut.FileUtil/]: Reading file /sys/devices/system/cpu/cpu3/cache/index3/coherency_line_size
[20:05:05] [main/DEBUG] [os.ut.FileUtil/]: Reading file /sys/devices/system/cpu/cpu3/cache/index3/size
[20:05:05] [main/DEBUG] [os.ut.FileUtil/]: Reading file /sys/devices/system/cpu/cpu3/cache/index3/size
[20:05:05] [main/DEBUG] [os.ut.FileUtil/]: Reading file /sys/devices/system/cpu/cpu3/cache/index1/level
[20:05:05] [main/DEBUG] [os.ut.FileUtil/]: Reading file /sys/devices/system/cpu/cpu3/cache/index1/level
[20:05:05] [main/DEBUG] [os.ut.FileUtil/]: Reading file /sys/devices/system/cpu/cpu3/cache/index1/type
[20:05:05] [main/DEBUG] [os.ut.FileUtil/]: Reading file /sys/devices/system/cpu/cpu3/cache/index1/type
[20:05:05] [main/DEBUG] [os.ut.FileUtil/]: Reading file /sys/devices/system/cpu/cpu3/cache/index1/ways_of_associativity
[20:05:05] [main/DEBUG] [os.ut.FileUtil/]: Reading file /sys/devices/system/cpu/cpu3/cache/index1/ways_of_associativity
[20:05:05] [main/DEBUG] [os.ut.FileUtil/]: Reading file /sys/devices/system/cpu/cpu3/cache/index1/coherency_line_size
[20:05:05] [main/DEBUG] [os.ut.FileUtil/]: Reading file /sys/devices/system/cpu/cpu3/cache/index1/coherency_line_size
[20:05:05] [main/DEBUG] [os.ut.FileUtil/]: Reading file /sys/devices/system/cpu/cpu3/cache/index1/size
[20:05:05] [main/DEBUG] [os.ut.FileUtil/]: Reading file /sys/devices/system/cpu/cpu3/cache/index1/size
[20:05:05] [main/DEBUG] [os.ut.FileUtil/]: Reading file /proc/cpuinfo
[20:05:05] [main/DEBUG] [os.ut.FileUtil/]: Reading file /proc/self/auxv
[20:05:05] [main/DEBUG] [os.ut.FileUtil/]: No oshi.architecture.properties file found from ClassLoader cpw.mods.modlauncher.TransformingClassLoader@27fde870
[20:05:05] [main/DEBUG] [os.ut.FileUtil/]: Reading file /proc/meminfo
[20:05:05] [main/DEBUG] [os.ut.FileUtil/]: Reading file /proc/meminfo
[20:05:05] [main/INFO] [MixinExtras|Service/]: Initializing MixinExtras via com.llamalad7.mixinextras.service.MixinExtrasServiceImpl(version=0.5.3).
[20:05:05] [main/DEBUG] [mixin/]: Registering new injector for @SugarWrapper with com.llamalad7.mixinextras.sugar.impl.SugarWrapperInjectionInfo
[20:05:05] [main/DEBUG] [mixin/]: Registering new injector for @FactoryRedirectWrapper with com.llamalad7.mixinextras.wrapper.factory.FactoryRedirectWrapperInjectionInfo
[20:05:05] [main/DEBUG] [mixin/]: Registering new injector for @ExpressionInjectorWrapper with com.llamalad7.mixinextras.expression.impl.wrapper.ExpressionInjectorWrapperInjectionInfo
[20:05:05] [main/DEBUG] [mixin/]: Mixing MappedRegistryAccessor from neoforge.mixins.json into net.minecraft.core.MappedRegistry
[20:05:05] [main/DEBUG] [mixin/]: neoforge.mixins.json:MappedRegistryAccessor from mod neoforge: Class version 65 required is higher than the class version supported by the current version of Mixin (JAVA_16 supports class version 60)
[20:05:05] [main/DEBUG] [mixin/]: Mixing BlockEntityTypeAccessor from neoforge.mixins.json into net.minecraft.world.level.block.entity.BlockEntityType
[20:05:05] [main/DEBUG] [mixin/]: neoforge.mixins.json:BlockEntityTypeAccessor from mod neoforge: Class version 65 required is higher than the class version supported by the current version of Mixin (JAVA_16 supports class version 60)
[20:05:06] [main/DEBUG] [io.ne.ut.in.PlatformDependent0/]: -Dio.netty.noUnsafe: false
[20:05:06] [main/DEBUG] [io.ne.ut.in.PlatformDependent0/]: Java version: 21
[20:05:06] [main/DEBUG] [io.ne.ut.in.PlatformDependent0/]: sun.misc.Unsafe.theUnsafe: available
[20:05:06] [main/DEBUG] [io.ne.ut.in.PlatformDependent0/]: sun.misc.Unsafe.copyMemory: available
[20:05:06] [main/DEBUG] [io.ne.ut.in.PlatformDependent0/]: sun.misc.Unsafe.storeFence: available
[20:05:06] [main/DEBUG] [io.ne.ut.in.PlatformDependent0/]: java.nio.Buffer.address: available
[20:05:06] [main/DEBUG] [io.ne.ut.in.PlatformDependent0/]: direct buffer constructor: unavailable: Reflective setAccessible(true) disabled
[20:05:06] [main/DEBUG] [io.ne.ut.in.PlatformDependent0/]: java.nio.Bits.unaligned: available, true
[20:05:06] [main/DEBUG] [io.ne.ut.in.PlatformDependent0/]: jdk.internal.misc.Unsafe.allocateUninitializedArray(int): unavailable: class io.netty.util.internal.PlatformDependent0$7 (in module io.netty.common) cannot access class jdk.internal.misc.Unsafe (in module java.base) because module java.base does not export jdk.internal.misc to module io.netty.common
[20:05:06] [main/DEBUG] [io.ne.ut.in.PlatformDependent0/]: java.nio.DirectByteBuffer.<init>(long, {int,long}): unavailable
[20:05:06] [main/DEBUG] [io.ne.ut.in.PlatformDependent/]: sun.misc.Unsafe: available
[20:05:06] [main/DEBUG] [io.ne.ut.in.PlatformDependent/]: maxDirectMemory: 4198498304 bytes (maybe)
[20:05:06] [main/DEBUG] [io.ne.ut.in.PlatformDependent/]: -Dio.netty.tmpdir: /tmp (java.io.tmpdir)
[20:05:06] [main/DEBUG] [io.ne.ut.in.PlatformDependent/]: -Dio.netty.bitMode: 64 (sun.arch.data.model)
[20:05:06] [main/DEBUG] [io.ne.ut.in.PlatformDependent/]: -Dio.netty.maxDirectMemory: -1 bytes
[20:05:06] [main/DEBUG] [io.ne.ut.in.PlatformDependent/]: -Dio.netty.uninitializedArrayAllocationThreshold: -1
[20:05:06] [main/DEBUG] [io.ne.ut.in.CleanerJava9/]: java.nio.ByteBuffer.cleaner(): available
[20:05:06] [main/DEBUG] [io.ne.ut.in.PlatformDependent/]: -Dio.netty.noPreferDirect: false
[20:05:08] [main/WARN] [minecraft/Commands]: Ambiguity between arguments [teleport, location] and [teleport, destination] with inputs: [0.1 -0.5 .9, 0 0 0]
[20:05:08] [main/WARN] [minecraft/Commands]: Ambiguity between arguments [teleport, location] and [teleport, targets] with inputs: [0.1 -0.5 .9, 0 0 0]
[20:05:08] [main/WARN] [minecraft/Commands]: Ambiguity between arguments [teleport, destination] and [teleport, targets] with inputs: [Player, 0123, @e, dd12be42-52a9-4a91-a8a1-11c01849e498]
[20:05:08] [main/WARN] [minecraft/Commands]: Ambiguity between arguments [teleport, targets] and [teleport, destination] with inputs: [Player, 0123, dd12be42-52a9-4a91-a8a1-11c01849e498]
[20:05:08] [main/WARN] [minecraft/Commands]: Ambiguity between arguments [teleport, targets, location] and [teleport, targets, destination] with inputs: [0.1 -0.5 .9, 0 0 0]
[20:05:08] [main/DEBUG] [ne.ne.fm.ModWorkManager/LOADING]: Using 4 threads for parallel mod-loading
[20:05:08] [main/DEBUG] [ne.ne.fm.ja.FMLModContainer/LOADING]: Creating FMLModContainer instance for [com.hbm.main.MainRegistry]
[20:05:08] [main/DEBUG] [ne.ne.fm.ja.FMLModContainer/LOADING]: Creating FMLModContainer instance for [net.neoforged.neoforge.common.NeoForgeMod]
[20:05:08] [main/DEBUG] [ne.ne.fm.ja.FMLModContainer/LOADING]: Creating FMLModContainer instance for [mezz.jei.neoforge.JustEnoughItems]
[20:05:08] [modloading-worker-0/INFO] [hbm/]: HBM CE NeoForge (fork by scarrymany) initializing
[20:05:08] [modloading-worker-0/DEBUG] [ne.ne.fm.co.ConfigTracker/CONFIG]: Config file jei-server.toml for jei tracking
[20:05:08] [modloading-worker-0/DEBUG] [ne.ne.fm.ja.AutomaticEventSubscriber/LOADING]: Attempting to inject @EventBusSubscriber classes into the eventbus for jei
[20:05:08] [modloading-worker-0/DEBUG] [ne.ne.ne.in.ve.ne.NeoForgeVersion/CORE]: Found NeoForge version 21.1.228
[20:05:08] [modloading-worker-0/DEBUG] [ne.ne.ne.in.ve.ne.NeoForgeVersion/CORE]: Found FML version 4.0.42
[20:05:08] [modloading-worker-0/INFO] [ne.ne.ne.co.NeoForgeMod/NEOFORGE-MOD]: NeoForge mod loading, version 21.1.228, for MC 1.21.1
[20:05:08] [modloading-worker-0/DEBUG] [ne.ne.fm.co.ConfigTracker/CONFIG]: Config file neoforge-client.toml for neoforge tracking
[20:05:08] [modloading-worker-0/DEBUG] [ne.ne.fm.co.ConfigTracker/CONFIG]: Config file neoforge-server.toml for neoforge tracking
[20:05:08] [modloading-worker-0/DEBUG] [ne.ne.fm.co.ConfigTracker/CONFIG]: Config file neoforge-common.toml for neoforge tracking
[20:05:08] [modloading-worker-0/DEBUG] [ne.ne.fm.co.ConfigTracker/CONFIG]: Config file hbm-common.toml for hbm tracking
[20:05:08] [modloading-worker-0/DEBUG] [ne.ne.fm.co.ConfigTracker/CONFIG]: Config file hbm-server.toml for hbm tracking
[20:05:08] [modloading-worker-0/DEBUG] [ne.ne.fm.co.ConfigTracker/CONFIG]: Config file hbm-client.toml for hbm tracking
[20:05:08] [modloading-worker-0/DEBUG] [ne.ne.fm.ja.AutomaticEventSubscriber/LOADING]: Attempting to inject @EventBusSubscriber classes into the eventbus for neoforge
[20:05:08] [modloading-worker-0/DEBUG] [ne.ne.fm.ja.AutomaticEventSubscriber/LOADING]: Scanning class net.neoforged.neoforge.network.filters.GenericPacketSplitter for @SubscribeEvent-annotated methods
[20:05:08] [modloading-worker-0/DEBUG] [io.ne.bu.AbstractByteBuf/]: -Dio.netty.buffer.checkAccessible: true
[20:05:08] [modloading-worker-0/DEBUG] [io.ne.bu.AbstractByteBuf/]: -Dio.netty.buffer.checkBounds: true
[20:05:08] [modloading-worker-0/DEBUG] [io.ne.ut.ResourceLeakDetectorFactory/]: Loaded default ResourceLeakDetector: io.netty.util.ResourceLeakDetector@94de2ba
[20:05:08] [modloading-worker-0/DEBUG] [io.ne.ut.in.InternalThreadLocalMap/]: -Dio.netty.threadLocalMap.stringBuilder.initialSize: 1024
[20:05:08] [modloading-worker-0/DEBUG] [io.ne.ut.in.InternalThreadLocalMap/]: -Dio.netty.threadLocalMap.stringBuilder.maxSize: 4096
[20:05:08] [modloading-worker-0/DEBUG] [io.ne.bu.PooledByteBufAllocator/]: -Dio.netty.allocator.numHeapArenas: 8
[20:05:08] [modloading-worker-0/DEBUG] [io.ne.bu.PooledByteBufAllocator/]: -Dio.netty.allocator.numDirectArenas: 8
[20:05:08] [modloading-worker-0/DEBUG] [io.ne.bu.PooledByteBufAllocator/]: -Dio.netty.allocator.pageSize: 8192
[20:05:08] [modloading-worker-0/DEBUG] [io.ne.bu.PooledByteBufAllocator/]: -Dio.netty.allocator.maxOrder: 9
[20:05:08] [modloading-worker-0/DEBUG] [io.ne.bu.PooledByteBufAllocator/]: -Dio.netty.allocator.chunkSize: 4194304
[20:05:08] [modloading-worker-0/DEBUG] [io.ne.bu.PooledByteBufAllocator/]: -Dio.netty.allocator.smallCacheSize: 256
[20:05:08] [modloading-worker-0/DEBUG] [io.ne.bu.PooledByteBufAllocator/]: -Dio.netty.allocator.normalCacheSize: 64
[20:05:08] [modloading-worker-0/DEBUG] [io.ne.bu.PooledByteBufAllocator/]: -Dio.netty.allocator.maxCachedBufferCapacity: 32768
[20:05:08] [modloading-worker-0/DEBUG] [io.ne.bu.PooledByteBufAllocator/]: -Dio.netty.allocator.cacheTrimInterval: 8192
[20:05:08] [modloading-worker-0/DEBUG] [io.ne.bu.PooledByteBufAllocator/]: -Dio.netty.allocator.cacheTrimIntervalMillis: 0
[20:05:08] [modloading-worker-0/DEBUG] [io.ne.bu.PooledByteBufAllocator/]: -Dio.netty.allocator.useCacheForAllThreads: false
[20:05:08] [modloading-worker-0/DEBUG] [io.ne.bu.PooledByteBufAllocator/]: -Dio.netty.allocator.maxCachedByteBuffersPerChunk: 1023
[20:05:08] [modloading-worker-0/DEBUG] [io.ne.bu.ByteBufUtil/]: -Dio.netty.allocator.type: pooled
[20:05:08] [modloading-worker-0/DEBUG] [io.ne.bu.ByteBufUtil/]: -Dio.netty.threadLocalDirectBufferSize: 0
[20:05:08] [modloading-worker-0/DEBUG] [io.ne.bu.ByteBufUtil/]: -Dio.netty.maxThreadLocalCharBufferSize: 16384
[20:05:08] [modloading-worker-0/DEBUG] [ne.ne.fm.ja.AutomaticEventSubscriber/]: Subscribing @EventBusSubscriber class Lnet/neoforged/neoforge/network/filters/GenericPacketSplitter; to the mod event bus of mod neoforge
[20:05:08] [modloading-worker-0/DEBUG] [ne.ne.fm.ja.AutomaticEventSubscriber/LOADING]: Scanning class net.neoforged.neoforge.network.NetworkInitialization for @SubscribeEvent-annotated methods
[20:05:08] [modloading-worker-0/DEBUG] [ne.ne.fm.ja.AutomaticEventSubscriber/]: Subscribing @EventBusSubscriber class Lnet/neoforged/neoforge/network/NetworkInitialization; to the mod event bus of mod neoforge
[20:05:08] [modloading-worker-0/DEBUG] [ne.ne.fm.ja.AutomaticEventSubscriber/LOADING]: Scanning class net.neoforged.neoforge.network.ConfigurationInitialization for @SubscribeEvent-annotated methods
[20:05:08] [modloading-worker-0/DEBUG] [ne.ne.fm.ja.AutomaticEventSubscriber/]: Subscribing @EventBusSubscriber class Lnet/neoforged/neoforge/network/ConfigurationInitialization; to the mod event bus of mod neoforge
[20:05:08] [modloading-worker-0/DEBUG] [ne.ne.fm.ja.AutomaticEventSubscriber/LOADING]: Scanning class net.neoforged.neoforge.common.MonsterRoomHooks for @SubscribeEvent-annotated methods
[20:05:08] [modloading-worker-0/DEBUG] [ne.ne.fm.ja.AutomaticEventSubscriber/]: Subscribing @EventBusSubscriber class Lnet/neoforged/neoforge/common/MonsterRoomHooks; to the game event bus
[20:05:08] [modloading-worker-0/DEBUG] [ne.ne.fm.ja.AutomaticEventSubscriber/LOADING]: Scanning class net.neoforged.neoforge.common.DeferredSpawnEggItem$CommonHandler for @SubscribeEvent-annotated methods
[20:05:08] [modloading-worker-0/DEBUG] [ne.ne.fm.ja.AutomaticEventSubscriber/]: Subscribing @EventBusSubscriber class Lnet/neoforged/neoforge/common/DeferredSpawnEggItem$CommonHandler; to the mod event bus of mod neoforge
[20:05:08] [modloading-worker-0/DEBUG] [ne.ne.fm.ja.AutomaticEventSubscriber/LOADING]: Scanning class net.neoforged.neoforge.attachment.AttachmentSync for @SubscribeEvent-annotated methods
[20:05:08] [modloading-worker-0/DEBUG] [ne.ne.fm.ja.AutomaticEventSubscriber/]: Subscribing @EventBusSubscriber class Lnet/neoforged/neoforge/attachment/AttachmentSync; to the game event bus
[20:05:08] [modloading-worker-0/DEBUG] [ne.ne.fm.ja.AutomaticEventSubscriber/LOADING]: Scanning class net.neoforged.neoforge.attachment.AttachmentInternals for @SubscribeEvent-annotated methods
[20:05:08] [modloading-worker-0/DEBUG] [ne.ne.fm.ja.AutomaticEventSubscriber/]: Subscribing @EventBusSubscriber class Lnet/neoforged/neoforge/attachment/AttachmentInternals; to the game event bus
[20:05:08] [modloading-worker-0/DEBUG] [ne.ne.fm.ja.AutomaticEventSubscriber/LOADING]: Attempting to inject @EventBusSubscriber classes into the eventbus for hbm
[20:05:08] [modloading-worker-0/DEBUG] [ne.ne.fm.ja.AutomaticEventSubscriber/LOADING]: Scanning class com.hbm.handler.pollution.PollutionHandler for @SubscribeEvent-annotated methods
[20:05:08] [modloading-worker-0/DEBUG] [ne.ne.fm.ja.AutomaticEventSubscriber/]: Subscribing @EventBusSubscriber class Lcom/hbm/handler/pollution/PollutionHandler; to the game event bus
[20:05:08] [modloading-worker-0/DEBUG] [ne.ne.fm.ja.AutomaticEventSubscriber/LOADING]: Scanning class com.hbm.handler.neutron.NeutronHandler for @SubscribeEvent-annotated methods
[20:05:08] [modloading-worker-0/DEBUG] [ne.ne.fm.ja.AutomaticEventSubscriber/]: Subscribing @EventBusSubscriber class Lcom/hbm/handler/neutron/NeutronHandler; to the game event bus
[20:05:08] [modloading-worker-0/DEBUG] [ne.ne.fm.ja.AutomaticEventSubscriber/LOADING]: Scanning class com.hbm.handler.ArmorDamageHandler for @SubscribeEvent-annotated methods
[20:05:08] [modloading-worker-0/DEBUG] [ne.ne.fm.ja.AutomaticEventSubscriber/]: Subscribing @EventBusSubscriber class Lcom/hbm/handler/ArmorDamageHandler; to the game event bus
[20:05:08] [modloading-worker-0/DEBUG] [ne.ne.fm.ja.AutomaticEventSubscriber/LOADING]: Scanning class com.hbm.handler.RadiationElementalSpawnHandler for @SubscribeEvent-annotated methods
[20:05:08] [modloading-worker-0/DEBUG] [ne.ne.fm.ja.AutomaticEventSubscriber/]: Subscribing @EventBusSubscriber class Lcom/hbm/handler/RadiationElementalSpawnHandler; to the game event bus
[20:05:08] [modloading-worker-0/DEBUG] [ne.ne.fm.ja.AutomaticEventSubscriber/LOADING]: Scanning class com.hbm.handler.ClimbableRegistry for @SubscribeEvent-annotated methods
[20:05:08] [modloading-worker-0/DEBUG] [ne.ne.fm.ja.AutomaticEventSubscriber/]: Subscribing @EventBusSubscriber class Lcom/hbm/handler/ClimbableRegistry; to the game event bus
[20:05:08] [modloading-worker-0/DEBUG] [ne.ne.fm.ja.AutomaticEventSubscriber/LOADING]: Scanning class com.hbm.handler.MaskmanSpawnHandler for @SubscribeEvent-annotated methods
[20:05:08] [modloading-worker-0/DEBUG] [ne.ne.fm.ja.AutomaticEventSubscriber/]: Subscribing @EventBusSubscriber class Lcom/hbm/handler/MaskmanSpawnHandler; to the game event bus
[20:05:08] [modloading-worker-0/DEBUG] [ne.ne.fm.ja.AutomaticEventSubscriber/LOADING]: Scanning class com.hbm.handler.RadioTorchTickHandler for @SubscribeEvent-annotated methods
[20:05:08] [modloading-worker-0/DEBUG] [ne.ne.fm.ja.AutomaticEventSubscriber/]: Subscribing @EventBusSubscriber class Lcom/hbm/handler/RadioTorchTickHandler; to the game event bus
[20:05:08] [modloading-worker-0/DEBUG] [ne.ne.fm.ja.AutomaticEventSubscriber/LOADING]: Scanning class com.hbm.handler.radiation.RadiationSystemNT for @SubscribeEvent-annotated methods
[20:05:08] [modloading-worker-0/DEBUG] [ne.ne.fm.ja.AutomaticEventSubscriber/]: Subscribing @EventBusSubscriber class Lcom/hbm/handler/radiation/RadiationSystemNT; to the game event bus
[20:05:08] [modloading-worker-0/DEBUG] [ne.ne.fm.ja.AutomaticEventSubscriber/LOADING]: Scanning class com.hbm.handler.MeteorStrikeHandler for @SubscribeEvent-annotated methods
[20:05:08] [modloading-worker-0/DEBUG] [ne.ne.fm.ja.AutomaticEventSubscriber/]: Subscribing @EventBusSubscriber class Lcom/hbm/handler/MeteorStrikeHandler; to the game event bus
[20:05:08] [modloading-worker-0/DEBUG] [ne.ne.fm.ja.AutomaticEventSubscriber/LOADING]: Scanning class com.hbm.handler.EntityEffectHandler for @SubscribeEvent-annotated methods
[20:05:08] [modloading-worker-0/DEBUG] [ne.ne.fm.ja.AutomaticEventSubscriber/]: Subscribing @EventBusSubscriber class Lcom/hbm/handler/EntityEffectHandler; to the game event bus
[20:05:08] [modloading-worker-0/DEBUG] [ne.ne.fm.ja.AutomaticEventSubscriber/LOADING]: Scanning class com.hbm.packet.HbmNetwork for @SubscribeEvent-annotated methods
[20:05:08] [modloading-worker-0/DEBUG] [ne.ne.fm.ja.AutomaticEventSubscriber/]: Subscribing @EventBusSubscriber class Lcom/hbm/packet/HbmNetwork; to the mod event bus of mod hbm
[20:05:08] [modloading-worker-0/DEBUG] [ne.ne.fm.ja.AutomaticEventSubscriber/LOADING]: Scanning class com.hbm.datagen.ModDataGenerators for @SubscribeEvent-annotated methods
[20:05:08] [modloading-worker-0/DEBUG] [ne.ne.fm.ja.AutomaticEventSubscriber/]: Subscribing @EventBusSubscriber class Lcom/hbm/datagen/ModDataGenerators; to the mod event bus of mod hbm
[20:05:08] [modloading-worker-0/DEBUG] [ne.ne.fm.ja.AutomaticEventSubscriber/LOADING]: Scanning class com.hbm.main.AdvancementManager for @SubscribeEvent-annotated methods
[20:05:08] [modloading-worker-0/DEBUG] [ne.ne.fm.ja.AutomaticEventSubscriber/]: Subscribing @EventBusSubscriber class Lcom/hbm/main/AdvancementManager; to the game event bus
[20:05:08] [modloading-worker-0/DEBUG] [ne.ne.fm.ja.AutomaticEventSubscriber/LOADING]: Scanning class com.hbm.main.CommonEvents for @SubscribeEvent-annotated methods
[20:05:08] [modloading-worker-0/DEBUG] [ne.ne.fm.ja.AutomaticEventSubscriber/]: Subscribing @EventBusSubscriber class Lcom/hbm/main/CommonEvents; to the mod event bus of mod hbm
[20:05:08] [modloading-worker-0/DEBUG] [ne.ne.fm.ja.AutomaticEventSubscriber/LOADING]: Scanning class com.hbm.main.CommonTickEvents for @SubscribeEvent-annotated methods
[20:05:08] [modloading-worker-0/DEBUG] [ne.ne.fm.ja.AutomaticEventSubscriber/]: Subscribing @EventBusSubscriber class Lcom/hbm/main/CommonTickEvents; to the game event bus
[20:05:08] [modloading-worker-0/DEBUG] [ne.ne.fm.ja.AutomaticEventSubscriber/LOADING]: Scanning class com.hbm.capability.AccelCapabilities for @SubscribeEvent-annotated methods
[20:05:08] [modloading-worker-0/DEBUG] [ne.ne.fm.ja.AutomaticEventSubscriber/]: Subscribing @EventBusSubscriber class Lcom/hbm/capability/AccelCapabilities; to the mod event bus of mod hbm
[20:05:08] [modloading-worker-0/DEBUG] [ne.ne.fm.ja.AutomaticEventSubscriber/LOADING]: Scanning class com.hbm.capability.FusionCapabilities for @SubscribeEvent-annotated methods
[20:05:08] [modloading-worker-0/DEBUG] [ne.ne.fm.ja.AutomaticEventSubscriber/]: Subscribing @EventBusSubscriber class Lcom/hbm/capability/FusionCapabilities; to the mod event bus of mod hbm
[20:05:08] [modloading-worker-0/DEBUG] [ne.ne.fm.ja.AutomaticEventSubscriber/LOADING]: Scanning class com.hbm.capability.TurretCapabilities for @SubscribeEvent-annotated methods
[20:05:08] [modloading-worker-0/DEBUG] [ne.ne.fm.ja.AutomaticEventSubscriber/]: Subscribing @EventBusSubscriber class Lcom/hbm/capability/TurretCapabilities; to the mod event bus of mod hbm
[20:05:08] [modloading-worker-0/DEBUG] [ne.ne.fm.ja.AutomaticEventSubscriber/LOADING]: Scanning class com.hbm.capability.PowerGenCapabilities for @SubscribeEvent-annotated methods
[20:05:08] [modloading-worker-0/DEBUG] [ne.ne.fm.ja.AutomaticEventSubscriber/]: Subscribing @EventBusSubscriber class Lcom/hbm/capability/PowerGenCapabilities; to the mod event bus of mod hbm
[20:05:08] [modloading-worker-0/DEBUG] [ne.ne.fm.ja.AutomaticEventSubscriber/LOADING]: Scanning class com.hbm.capability.PWRCapabilities for @SubscribeEvent-annotated methods
[20:05:08] [modloading-worker-0/DEBUG] [ne.ne.fm.ja.AutomaticEventSubscriber/]: Subscribing @EventBusSubscriber class Lcom/hbm/capability/PWRCapabilities; to the mod event bus of mod hbm
[20:05:08] [modloading-worker-0/DEBUG] [ne.ne.fm.ja.AutomaticEventSubscriber/LOADING]: Scanning class com.hbm.capability.PileDeviceCapabilities for @SubscribeEvent-annotated methods
[20:05:08] [modloading-worker-0/DEBUG] [ne.ne.fm.ja.AutomaticEventSubscriber/]: Subscribing @EventBusSubscriber class Lcom/hbm/capability/PileDeviceCapabilities; to the mod event bus of mod hbm
[20:05:08] [modloading-worker-0/DEBUG] [ne.ne.fm.ja.AutomaticEventSubscriber/LOADING]: Scanning class com.hbm.capability.DummyableProcessCapabilities for @SubscribeEvent-annotated methods
[20:05:08] [modloading-worker-0/DEBUG] [ne.ne.fm.ja.AutomaticEventSubscriber/]: Subscribing @EventBusSubscriber class Lcom/hbm/capability/DummyableProcessCapabilities; to the mod event bus of mod hbm
[20:05:08] [modloading-worker-0/DEBUG] [ne.ne.fm.ja.AutomaticEventSubscriber/LOADING]: Scanning class com.hbm.entity.train.TrainEntityTypes for @SubscribeEvent-annotated methods
[20:05:08] [modloading-worker-0/DEBUG] [ne.ne.fm.ja.AutomaticEventSubscriber/]: Subscribing @EventBusSubscriber class Lcom/hbm/entity/train/TrainEntityTypes; to the game event bus
[20:05:09] [modloading-sync-worker/DEBUG] [ne.ne.fm.co.ConfigTracker/CONFIG]: Loading configs type COMMON
[20:05:09] [modloading-sync-worker/DEBUG] [ne.ne.ne.co.NeoForgeConfig/FORGEMOD]: Loaded NeoForge config file neoforge-common.toml
[20:05:09] [modloading-sync-worker/DEBUG] [ne.ne.fm.co.ConfigTracker/CONFIG]: Loaded TOML config file /workspace/run/config/neoforge-common.toml
[20:05:09] [modloading-sync-worker/DEBUG] [ne.ne.fm.co.ConfigTracker/CONFIG]: Watching TOML config file /workspace/run/config/neoforge-common.toml for changes
[20:05:09] [modloading-sync-worker/DEBUG] [ne.ne.fm.co.ConfigTracker/CONFIG]: Loaded TOML config file /workspace/run/config/hbm-common.toml
[20:05:09] [modloading-sync-worker/DEBUG] [ne.ne.fm.co.ConfigTracker/CONFIG]: Watching TOML config file /workspace/run/config/hbm-common.toml for changes
[20:05:09] [modloading-sync-worker/DEBUG] [ne.ne.fm.DeferredWorkQueue/LOADING]: Dispatching synchronous work for work queue Common setup: 2 jobs
[20:05:09] [modloading-sync-worker/DEBUG] [hbm/]: ItemPoolsLegacy: skip missing hbm:battery_redstone
[20:05:09] [modloading-sync-worker/DEBUG] [hbm/]: ItemPoolsLegacy: skip missing hbm:blueprint_folder
[20:05:09] [modloading-sync-worker/DEBUG] [hbm/]: ItemPoolsLegacy: skip missing hbm:coin_token
[20:05:09] [modloading-sync-worker/DEBUG] [hbm/]: ItemPoolsLegacy: skip missing hbm:wire_fine_mingrade
[20:05:09] [modloading-sync-worker/DEBUG] [hbm/]: ItemPoolsLegacy: skip missing hbm:battery_redstone
[20:05:09] [modloading-sync-worker/DEBUG] [hbm/]: ItemPoolsLegacy: skip missing hbm:bomb_caller
[20:05:09] [modloading-sync-worker/DEBUG] [hbm/]: ItemPoolsLegacy: skip missing hbm:bomb_caller
[20:05:09] [modloading-sync-worker/DEBUG] [hbm/]: ItemPoolsLegacy: skip missing hbm:journal_pip
[20:05:09] [modloading-sync-worker/DEBUG] [hbm/]: ItemPoolsLegacy: skip missing hbm:journal_bj
[20:05:09] [modloading-sync-worker/DEBUG] [hbm/]: ItemPoolsLegacy: skip missing hbm:blueprint_folder
[20:05:09] [modloading-sync-worker/DEBUG] [hbm/]: ItemPoolsLegacy: skip missing hbm:rod_zirnox_lithium
[20:05:09] [modloading-sync-worker/DEBUG] [hbm/]: ItemPoolsLegacy: skip missing hbm:bomb_caller
[20:05:09] [modloading-sync-worker/DEBUG] [hbm/]: ItemPoolsLegacy: skip missing hbm:battery_lead
[20:05:09] [modloading-sync-worker/DEBUG] [hbm/]: ItemPoolsLegacy: skip missing hbm:wire_fine_mingrade
[20:05:09] [modloading-sync-worker/DEBUG] [hbm/]: ItemPoolsLegacy: skip missing hbm:wire_dense_mingrade
[20:05:09] [modloading-sync-worker/DEBUG] [hbm/]: ItemPoolsLegacy: skip missing hbm:wire_dense_gold
[20:05:09] [modloading-sync-worker/DEBUG] [hbm/]: ItemPool: skip missing hbm:wire_fine_mingrade
[20:05:09] [modloading-sync-worker/DEBUG] [hbm/]: ItemPool: skip missing hbm:piston_selenium
[20:05:09] [modloading-sync-worker/DEBUG] [hbm/]: ItemPool: skip missing hbm:bomb_caller
[20:05:09] [modloading-sync-worker/DEBUG] [hbm/]: ItemPool: skip missing hbm:flame_politics
[20:05:09] [modloading-sync-worker/DEBUG] [hbm/]: ItemPool: skip missing hbm:coin_token
[20:05:09] [modloading-sync-worker/DEBUG] [hbm/]: ItemPool: skip missing hbm:cigarette
[20:05:09] [modloading-sync-worker/DEBUG] [hbm/]: ItemPool: skip missing hbm:ink
[20:05:09] [modloading-sync-worker/DEBUG] [hbm/]: ItemPool: skip missing hbm:coin_token
[20:05:09] [modloading-sync-worker/DEBUG] [hbm/]: ItemPool: skip missing hbm:solid_fuel_presto
[20:05:09] [modloading-sync-worker/DEBUG] [hbm/]: ItemPool: skip missing hbm:ingot_mercury
[20:05:09] [modloading-sync-worker/DEBUG] [hbm/]: ItemPool: skip missing hbm:jackt
[20:05:09] [modloading-sync-worker/DEBUG] [hbm/]: ItemPool: skip missing hbm:jackt2
[20:05:09] [modloading-sync-worker/DEBUG] [hbm/]: ItemPool: skip missing hbm:flame_opinion
[20:05:09] [modloading-sync-worker/DEBUG] [hbm/]: ItemPool: skip missing hbm:flame_conspiracy
[20:05:09] [modloading-sync-worker/DEBUG] [hbm/]: ItemPool: skip missing hbm:flame_politics
[20:05:09] [modloading-sync-worker/DEBUG] [hbm/]: ItemPool: skip missing hbm:cigarette
[20:05:09] [modloading-sync-worker/DEBUG] [hbm/]: ItemPool: skip missing hbm:armor_polish
[20:05:09] [modloading-sync-worker/DEBUG] [hbm/]: ItemPool: skip missing hbm:ammo_container
[20:05:09] [modloading-sync-worker/DEBUG] [hbm/]: ItemPool: skip missing hbm:coin_token
[20:05:09] [modloading-sync-worker/DEBUG] [hbm/]: ItemPool: skip missing hbm:pin
[20:05:09] [modloading-sync-worker/DEBUG] [hbm/]: ItemPool: skip missing hbm:ammo_nuke
[20:05:09] [modloading-sync-worker/DEBUG] [hbm/]: ItemPool: skip missing hbm:ammo_container
[20:05:09] [modloading-sync-worker/DEBUG] [hbm/]: ItemPool: skip missing hbm:ammo_nuke
[20:05:09] [modloading-sync-worker/DEBUG] [hbm/]: ItemPool: skip missing hbm:ammo_container
[20:05:09] [modloading-sync-worker/DEBUG] [hbm/]: ItemPool: skip missing hbm:ammo_container
[20:05:09] [modloading-sync-worker/DEBUG] [hbm/]: ItemPool: skip missing hbm:ammo_nuke_demo
[20:05:09] [modloading-sync-worker/DEBUG] [hbm/]: ItemPool: skip missing hbm:ammo_r762_du
[20:05:09] [modloading-sync-worker/DEBUG] [hbm/]: ItemPool: skip missing hbm:serum
[20:05:09] [modloading-sync-worker/DEBUG] [hbm/]: ItemPool: skip missing hbm:heart_piece
[20:05:09] [modloading-sync-worker/DEBUG] [hbm/]: ItemPool: skip missing hbm:scrumpy
[20:05:09] [modloading-sync-worker/DEBUG] [hbm/]: ItemPool: skip missing hbm:armor_polish
[20:05:09] [modloading-sync-worker/DEBUG] [hbm/]: ItemPool: skip missing hbm:bandaid
[20:05:09] [modloading-sync-worker/DEBUG] [hbm/]: ItemPool: skip missing hbm:serum
[20:05:09] [modloading-sync-worker/DEBUG] [hbm/]: ItemPool: skip missing hbm:quartz_plutonium
[20:05:09] [modloading-sync-worker/DEBUG] [hbm/]: ItemPool: skip missing hbm:spider_milk
[20:05:09] [modloading-sync-worker/DEBUG] [hbm/]: ItemPool: skip missing hbm:ink
[20:05:09] [modloading-sync-worker/DEBUG] [hbm/]: ItemPool: skip missing hbm:heart_container
[20:05:09] [modloading-sync-worker/DEBUG] [hbm/]: ItemPool: skip missing hbm:black_diamond
[20:05:09] [modloading-sync-worker/DEBUG] [hbm/]: ItemPool: skip missing hbm:scrumpy
[20:05:09] [modloading-sync-worker/DEBUG] [hbm/]: ItemPool: skip missing hbm:ballistic_gauntlet
[20:05:09] [modloading-sync-worker/DEBUG] [hbm/]: ItemPool: skip missing hbm:crackpipe
[20:05:09] [modloading-sync-worker/DEBUG] [hbm/]: ItemPool: skip missing hbm:ingot_selenium
[20:05:09] [modloading-sync-worker/DEBUG] [hbm/]: ItemPool: skip missing hbm:canned_conserve_beef
[20:05:09] [modloading-sync-worker/DEBUG] [hbm/]: ItemPool: skip missing hbm:canned_conserve_tube
[20:05:09] [modloading-sync-worker/DEBUG] [hbm/]: ItemPool: skip missing hbm:wire_fine_aluminium
[20:05:09] [modloading-sync-worker/DEBUG] [hbm/]: ItemPool: skip missing hbm:ammo_nuke
[20:05:09] [modloading-sync-worker/DEBUG] [hbm/]: ItemPool: skip missing hbm:ammo_nuke_high
[20:05:09] [modloading-sync-worker/DEBUG] [hbm/]: ItemPool: skip missing hbm:ammo_nuke_tots
[20:05:09] [modloading-sync-worker/DEBUG] [hbm/]: ItemPool: skip missing hbm:pipe_steel
[20:05:09] [modloading-sync-worker/DEBUG] [hbm/]: ItemPool: skip missing hbm:wire_fine_copper
[20:05:09] [modloading-sync-worker/DEBUG] [hbm/]: ItemPool: skip missing hbm:wire_fine_aluminium
[20:05:09] [modloading-sync-worker/DEBUG] [hbm/]: ItemPool: skip missing hbm:powder_ash
[20:05:09] [modloading-sync-worker/DEBUG] [hbm/]: ItemPool: skip missing hbm:bolt_steel
[20:05:09] [modloading-sync-worker/DEBUG] [hbm/]: ItemPool: skip missing hbm:pin
[20:05:09] [modloading-sync-worker/DEBUG] [hbm/]: ItemPool: skip missing hbm:pipe_lead
[20:05:09] [modloading-sync-worker/DEBUG] [hbm/]: ItemPool: skip missing hbm:canned_conserve_beef
[20:05:09] [modloading-sync-worker/DEBUG] [hbm/]: ItemPool: skip missing hbm:wire_fine_copper
[20:05:09] [modloading-sync-worker/DEBUG] [hbm/]: ItemPool: skip missing hbm:canned_conserve_beef
[20:05:09] [modloading-sync-worker/DEBUG] [ne.ne.fm.DeferredWorkQueue/LOADING]: Synchronous work queue completed in 66.38 ms
[20:05:09] [modloading-sync-worker/WARN] [hbm/]: Could not find matching Fluid for FluidType STEAM
[20:05:09] [modloading-sync-worker/WARN] [hbm/]: Could not find matching Fluid for FluidType HOTSTEAM
[20:05:09] [modloading-sync-worker/WARN] [hbm/]: Could not find matching Fluid for FluidType SUPERHOTSTEAM
[20:05:09] [modloading-sync-worker/WARN] [hbm/]: Could not find matching Fluid for FluidType ULTRAHOTSTEAM
[20:05:09] [modloading-sync-worker/WARN] [hbm/]: Could not find matching Fluid for FluidType COOLANT
[20:05:09] [modloading-sync-worker/WARN] [hbm/]: Could not find matching Fluid for FluidType DEUTERIUM
[20:05:09] [modloading-sync-worker/WARN] [hbm/]: Could not find matching Fluid for FluidType TRITIUM
[20:05:09] [modloading-sync-worker/WARN] [hbm/]: Could not find matching Fluid for FluidType OIL
[20:05:09] [modloading-sync-worker/WARN] [hbm/]: Could not find matching Fluid for FluidType HOTOIL
[20:05:09] [modloading-sync-worker/WARN] [hbm/]: Could not find matching Fluid for FluidType HEAVYOIL
[20:05:09] [modloading-sync-worker/WARN] [hbm/]: Could not find matching Fluid for FluidType BITUMEN
[20:05:09] [modloading-sync-worker/WARN] [hbm/]: Could not find matching Fluid for FluidType SMEAR
[20:05:09] [modloading-sync-worker/WARN] [hbm/]: Could not find matching Fluid for FluidType HEATINGOIL
[20:05:09] [modloading-sync-worker/WARN] [hbm/]: Could not find matching Fluid for FluidType RECLAIMED
[20:05:09] [modloading-sync-worker/WARN] [hbm/]: Could not find matching Fluid for FluidType PETROIL
[20:05:09] [modloading-sync-worker/WARN] [hbm/]: Could not find matching Fluid for FluidType LUBRICANT
[20:05:09] [modloading-sync-worker/WARN] [hbm/]: Could not find matching Fluid for FluidType NAPHTHA
[20:05:09] [modloading-sync-worker/WARN] [hbm/]: Could not find matching Fluid for FluidType DIESEL
[20:05:09] [modloading-sync-worker/WARN] [hbm/]: Could not find matching Fluid for FluidType LIGHTOIL
[20:05:09] [modloading-sync-worker/WARN] [hbm/]: Could not find matching Fluid for FluidType KEROSENE
[20:05:09] [modloading-sync-worker/WARN] [hbm/]: Could not find matching Fluid for FluidType GAS
[20:05:09] [modloading-sync-worker/WARN] [hbm/]: Could not find matching Fluid for FluidType PETROLEUM
[20:05:09] [modloading-sync-worker/WARN] [hbm/]: Could not find matching Fluid for FluidType LPG
[20:05:09] [modloading-sync-worker/WARN] [hbm/]: Could not find matching Fluid for FluidType BIOGAS
[20:05:09] [modloading-sync-worker/WARN] [hbm/]: Could not find matching Fluid for FluidType BIOFUEL
[20:05:09] [modloading-sync-worker/WARN] [hbm/]: Could not find matching Fluid for FluidType NITAN
[20:05:09] [modloading-sync-worker/WARN] [hbm/]: Could not find matching Fluid for FluidType UF6
[20:05:09] [modloading-sync-worker/WARN] [hbm/]: Could not find matching Fluid for FluidType PUF6
[20:05:09] [modloading-sync-worker/WARN] [hbm/]: Could not find matching Fluid for FluidType SAS3
[20:05:09] [modloading-sync-worker/WARN] [hbm/]: Could not find matching Fluid for FluidType SCHRABIDIC
[20:05:09] [modloading-sync-worker/WARN] [hbm/]: Could not find matching Fluid for FluidType AMAT
[20:05:09] [modloading-sync-worker/WARN] [hbm/]: Could not find matching Fluid for FluidType ASCHRAB
[20:05:09] [modloading-sync-worker/WARN] [hbm/]: Could not find matching Fluid for FluidType PEROXIDE
[20:05:09] [modloading-sync-worker/WARN] [hbm/]: Could not find matching Fluid for FluidType WATZ
[20:05:09] [modloading-sync-worker/WARN] [hbm/]: Could not find matching Fluid for FluidType CRYOGEL
[20:05:09] [modloading-sync-worker/WARN] [hbm/]: Could not find matching Fluid for FluidType HYDROGEN
[20:05:09] [modloading-sync-worker/WARN] [hbm/]: Could not find matching Fluid for FluidType OXYGEN
[20:05:09] [modloading-sync-worker/WARN] [hbm/]: Could not find matching Fluid for FluidType XENON
[20:05:09] [modloading-sync-worker/WARN] [hbm/]: Could not find matching Fluid for FluidType BALEFIRE
[20:05:09] [modloading-sync-worker/WARN] [hbm/]: Could not find matching Fluid for FluidType MERCURY
[20:05:09] [modloading-sync-worker/WARN] [hbm/]: Could not find matching Fluid for FluidType PAIN
[20:05:09] [modloading-sync-worker/WARN] [hbm/]: Could not find matching Fluid for FluidType WASTEFLUID
[20:05:09] [modloading-sync-worker/WARN] [hbm/]: Could not find matching Fluid for FluidType WASTEGAS
[20:05:09] [modloading-sync-worker/WARN] [hbm/]: Could not find matching Fluid for FluidType GASOLINE
[20:05:09] [modloading-sync-worker/WARN] [hbm/]: Could not find matching Fluid for FluidType COALGAS
[20:05:09] [modloading-sync-worker/WARN] [hbm/]: Could not find matching Fluid for FluidType SPENTSTEAM
[20:05:09] [modloading-sync-worker/WARN] [hbm/]: Could not find matching Fluid for FluidType FRACKSOL
[20:05:09] [modloading-sync-worker/WARN] [hbm/]: Could not find matching Fluid for FluidType PLASMA_DT
[20:05:09] [modloading-sync-worker/WARN] [hbm/]: Could not find matching Fluid for FluidType PLASMA_HD
[20:05:09] [modloading-sync-worker/WARN] [hbm/]: Could not find matching Fluid for FluidType PLASMA_HT
[20:05:09] [modloading-sync-worker/WARN] [hbm/]: Could not find matching Fluid for FluidType PLASMA_XM
[20:05:09] [modloading-sync-worker/WARN] [hbm/]: Could not find matching Fluid for FluidType PLASMA_BF
[20:05:09] [modloading-sync-worker/WARN] [hbm/]: Could not find matching Fluid for FluidType CARBONDIOXIDE
[20:05:09] [modloading-sync-worker/WARN] [hbm/]: Could not find matching Fluid for FluidType PLASMA_DH3
[20:05:09] [modloading-sync-worker/WARN] [hbm/]: Could not find matching Fluid for FluidType HELIUM3
[20:05:09] [modloading-sync-worker/WARN] [hbm/]: Could not find matching Fluid for FluidType DEATH
[20:05:09] [modloading-sync-worker/WARN] [hbm/]: Could not find matching Fluid for FluidType ETHANOL
[20:05:09] [modloading-sync-worker/WARN] [hbm/]: Could not find matching Fluid for FluidType HEAVYWATER
[20:05:09] [modloading-sync-worker/WARN] [hbm/]: Could not find matching Fluid for FluidType CRACKOIL
[20:05:09] [modloading-sync-worker/WARN] [hbm/]: Could not find matching Fluid for FluidType COALOIL
[20:05:09] [modloading-sync-worker/WARN] [hbm/]: Could not find matching Fluid for FluidType HOTCRACKOIL
[20:05:09] [modloading-sync-worker/WARN] [hbm/]: Could not find matching Fluid for FluidType NAPHTHA_CRACK
[20:05:09] [modloading-sync-worker/WARN] [hbm/]: Could not find matching Fluid for FluidType LIGHTOIL_CRACK
[20:05:09] [modloading-sync-worker/WARN] [hbm/]: Could not find matching Fluid for FluidType DIESEL_CRACK
[20:05:09] [modloading-sync-worker/WARN] [hbm/]: Could not find matching Fluid for FluidType AROMATICS
[20:05:09] [modloading-sync-worker/WARN] [hbm/]: Could not find matching Fluid for FluidType UNSATURATEDS
[20:05:09] [modloading-sync-worker/WARN] [hbm/]: Could not find matching Fluid for FluidType SALIENT
[20:05:09] [modloading-sync-worker/WARN] [hbm/]: Could not find matching Fluid for FluidType XPJUICE
[20:05:09] [modloading-sync-worker/WARN] [hbm/]: Could not find matching Fluid for FluidType ENDERJUICE
[20:05:09] [modloading-sync-worker/WARN] [hbm/]: Could not find matching Fluid for FluidType PETROIL_LEADED
[20:05:09] [modloading-sync-worker/WARN] [hbm/]: Could not find matching Fluid for FluidType GASOLINE_LEADED
[20:05:09] [modloading-sync-worker/WARN] [hbm/]: Could not find matching Fluid for FluidType COALGAS_LEADED
[20:05:09] [modloading-sync-worker/WARN] [hbm/]: Could not find matching Fluid for FluidType SULFURIC_ACID
[20:05:09] [modloading-sync-worker/WARN] [hbm/]: Could not find matching Fluid for FluidType COOLANT_HOT
[20:05:09] [modloading-sync-worker/WARN] [hbm/]: Could not find matching Fluid for FluidType MUG
[20:05:09] [modloading-sync-worker/WARN] [hbm/]: Could not find matching Fluid for FluidType MUG_HOT
[20:05:09] [modloading-sync-worker/WARN] [hbm/]: Could not find matching Fluid for FluidType WOODOIL
[20:05:09] [modloading-sync-worker/WARN] [hbm/]: Could not find matching Fluid for FluidType COALCREOSOTE
[20:05:09] [modloading-sync-worker/WARN] [hbm/]: Could not find matching Fluid for FluidType SEEDSLURRY
[20:05:09] [modloading-sync-worker/WARN] [hbm/]: Could not find matching Fluid for FluidType NITRIC_ACID
[20:05:09] [modloading-sync-worker/WARN] [hbm/]: Could not find matching Fluid for FluidType SOLVENT
[20:05:09] [modloading-sync-worker/WARN] [hbm/]: Could not find matching Fluid for FluidType BLOOD
[20:05:09] [modloading-sync-worker/WARN] [hbm/]: Could not find matching Fluid for FluidType BLOOD_HOT
[20:05:09] [modloading-sync-worker/WARN] [hbm/]: Could not find matching Fluid for FluidType SYNGAS
[20:05:09] [modloading-sync-worker/WARN] [hbm/]: Could not find matching Fluid for FluidType OXYHYDROGEN
[20:05:09] [modloading-sync-worker/WARN] [hbm/]: Could not find matching Fluid for FluidType RADIOSOLVENT
[20:05:09] [modloading-sync-worker/WARN] [hbm/]: Could not find matching Fluid for FluidType HYDRAZINE
[20:05:09] [modloading-sync-worker/WARN] [hbm/]: Could not find matching Fluid for FluidType CHLORINE
[20:05:09] [modloading-sync-worker/WARN] [hbm/]: Could not find matching Fluid for FluidType HEAVYOIL_VACUUM
[20:05:09] [modloading-sync-worker/WARN] [hbm/]: Could not find matching Fluid for FluidType REFORMATE
[20:05:09] [modloading-sync-worker/WARN] [hbm/]: Could not find matching Fluid for FluidType LIGHTOIL_VACUUM
[20:05:09] [modloading-sync-worker/WARN] [hbm/]: Could not find matching Fluid for FluidType SOURGAS
[20:05:09] [modloading-sync-worker/WARN] [hbm/]: Could not find matching Fluid for FluidType XYLENE
[20:05:09] [modloading-sync-worker/WARN] [hbm/]: Could not find matching Fluid for FluidType HEATINGOIL_VACUUM
[20:05:09] [modloading-sync-worker/WARN] [hbm/]: Could not find matching Fluid for FluidType DIESEL_REFORM
[20:05:09] [modloading-sync-worker/WARN] [hbm/]: Could not find matching Fluid for FluidType DIESEL_CRACK_REFORM
[20:05:09] [modloading-sync-worker/WARN] [hbm/]: Could not find matching Fluid for FluidType KEROSENE_REFORM
[20:05:09] [modloading-sync-worker/WARN] [hbm/]: Could not find matching Fluid for FluidType REFORMGAS
[20:05:09] [modloading-sync-worker/WARN] [hbm/]: Could not find matching Fluid for FluidType COLLOID
[20:05:09] [modloading-sync-worker/WARN] [hbm/]: Could not find matching Fluid for FluidType PHOSGENE
[20:05:09] [modloading-sync-worker/WARN] [hbm/]: Could not find matching Fluid for FluidType MUSTARDGAS
[20:05:09] [modloading-sync-worker/WARN] [hbm/]: Could not find matching Fluid for FluidType IONGEL
[20:05:09] [modloading-sync-worker/WARN] [hbm/]: Could not find matching Fluid for FluidType OIL_COKER
[20:05:09] [modloading-sync-worker/WARN] [hbm/]: Could not find matching Fluid for FluidType NAPHTHA_COKER
[20:05:09] [modloading-sync-worker/WARN] [hbm/]: Could not find matching Fluid for FluidType GAS_COKER
[20:05:09] [modloading-sync-worker/WARN] [hbm/]: Could not find matching Fluid for FluidType EGG
[20:05:09] [modloading-sync-worker/WARN] [hbm/]: Could not find matching Fluid for FluidType CHOLESTEROL
[20:05:09] [modloading-sync-worker/WARN] [hbm/]: Could not find matching Fluid for FluidType ESTRADIOL
[20:05:09] [modloading-sync-worker/WARN] [hbm/]: Could not find matching Fluid for FluidType FISHOIL
[20:05:09] [modloading-sync-worker/WARN] [hbm/]: Could not find matching Fluid for FluidType SUNFLOWEROIL
[20:05:09] [modloading-sync-worker/WARN] [hbm/]: Could not find matching Fluid for FluidType NITROGLYCERIN
[20:05:09] [modloading-sync-worker/WARN] [hbm/]: Could not find matching Fluid for FluidType REDMUD
[20:05:09] [modloading-sync-worker/WARN] [hbm/]: Could not find matching Fluid for FluidType CHLOROCALCITE_SOLUTION
[20:05:09] [modloading-sync-worker/WARN] [hbm/]: Could not find matching Fluid for FluidType CHLOROCALCITE_MIX
[20:05:09] [modloading-sync-worker/WARN] [hbm/]: Could not find matching Fluid for FluidType CHLOROCALCITE_CLEANED
[20:05:09] [modloading-sync-worker/WARN] [hbm/]: Could not find matching Fluid for FluidType POTASSIUM_CHLORIDE
[20:05:09] [modloading-sync-worker/WARN] [hbm/]: Could not find matching Fluid for FluidType CALCIUM_CHLORIDE
[20:05:09] [modloading-sync-worker/WARN] [hbm/]: Could not find matching Fluid for FluidType CALCIUM_SOLUTION
[20:05:09] [modloading-sync-worker/WARN] [hbm/]: Could not find matching Fluid for FluidType SMOKE
[20:05:09] [modloading-sync-worker/WARN] [hbm/]: Could not find matching Fluid for FluidType SMOKE_LEADED
[20:05:09] [modloading-sync-worker/WARN] [hbm/]: Could not find matching Fluid for FluidType SMOKE_POISON
[20:05:09] [modloading-sync-worker/WARN] [hbm/]: Could not find matching Fluid for FluidType HELIUM4
[20:05:09] [modloading-sync-worker/WARN] [hbm/]: Could not find matching Fluid for FluidType HEAVYWATER_HOT
[20:05:09] [modloading-sync-worker/WARN] [hbm/]: Could not find matching Fluid for FluidType SODIUM
[20:05:09] [modloading-sync-worker/WARN] [hbm/]: Could not find matching Fluid for FluidType SODIUM_HOT
[20:05:09] [modloading-sync-worker/WARN] [hbm/]: Could not find matching Fluid for FluidType THORIUM_SALT
[20:05:09] [modloading-sync-worker/WARN] [hbm/]: Could not find matching Fluid for FluidType THORIUM_SALT_HOT
[20:05:09] [modloading-sync-worker/WARN] [hbm/]: Could not find matching Fluid for FluidType THORIUM_SALT_DEPLETED
[20:05:09] [modloading-sync-worker/WARN] [hbm/]: Could not find matching Fluid for FluidType FULLERENE
[20:05:09] [modloading-sync-worker/WARN] [hbm/]: Could not find matching Fluid for FluidType PHEROMONE
[20:05:09] [modloading-sync-worker/WARN] [hbm/]: Could not find matching Fluid for FluidType PHEROMONE_M
[20:05:09] [modloading-sync-worker/WARN] [hbm/]: Could not find matching Fluid for FluidType OIL_DS
[20:05:09] [modloading-sync-worker/WARN] [hbm/]: Could not find matching Fluid for FluidType HOTOIL_DS
[20:05:09] [modloading-sync-worker/WARN] [hbm/]: Could not find matching Fluid for FluidType CRACKOIL_DS
[20:05:09] [modloading-sync-worker/WARN] [hbm/]: Could not find matching Fluid for FluidType HOTCRACKOIL_DS
[20:05:09] [modloading-sync-worker/WARN] [hbm/]: Could not find matching Fluid for FluidType NAPHTHA_DS
[20:05:09] [modloading-sync-worker/WARN] [hbm/]: Could not find matching Fluid for FluidType LIGHTOIL_DS
[20:05:09] [modloading-sync-worker/WARN] [hbm/]: Could not find matching Fluid for FluidType STELLAR_FLUX
[20:05:09] [modloading-sync-worker/WARN] [hbm/]: Could not find matching Fluid for FluidType VITRIOL
[20:05:09] [modloading-sync-worker/WARN] [hbm/]: Could not find matching Fluid for FluidType SLOP
[20:05:09] [modloading-sync-worker/WARN] [hbm/]: Could not find matching Fluid for FluidType LEAD
[20:05:09] [modloading-sync-worker/WARN] [hbm/]: Could not find matching Fluid for FluidType LEAD_HOT
[20:05:09] [modloading-sync-worker/WARN] [hbm/]: Could not find matching Fluid for FluidType PERFLUOROMETHYL
[20:05:09] [modloading-sync-worker/WARN] [hbm/]: Could not find matching Fluid for FluidType PERFLUOROMETHYL_COLD
[20:05:09] [modloading-sync-worker/WARN] [hbm/]: Could not find matching Fluid for FluidType PERFLUOROMETHYL_HOT
[20:05:09] [modloading-sync-worker/WARN] [hbm/]: Could not find matching Fluid for FluidType LYE
[20:05:09] [modloading-sync-worker/WARN] [hbm/]: Could not find matching Fluid for FluidType SODIUM_ALUMINATE
[20:05:09] [modloading-sync-worker/WARN] [hbm/]: Could not find matching Fluid for FluidType BAUXITE_SOLUTION
[20:05:09] [modloading-sync-worker/WARN] [hbm/]: Could not find matching Fluid for FluidType ALUMINA
[20:05:09] [modloading-sync-worker/WARN] [hbm/]: Could not find matching Fluid for FluidType AIR
[20:05:09] [modloading-sync-worker/WARN] [hbm/]: Could not find matching Fluid for FluidType CONCRETE
[20:05:09] [modloading-sync-worker/WARN] [hbm/]: Could not find matching Fluid for FluidType DHC
[20:05:09] [modloading-sync-worker/WARN] [hbm/]: Could not find matching Fluid for FluidType AIRBLAST
[20:05:09] [modloading-sync-worker/WARN] [hbm/]: Could not find matching Fluid for FluidType FLUE
[20:05:09] [modloading-sync-worker/WARN] [hbm/]: Could not find matching Fluid for FluidType CUSTOM_DEMO
[20:05:09] [modloading-sync-worker/INFO] [hbm/]: NTMFluidCapabilityHandler init: mapped 2 fluids, tracking 22 container items.
[20:05:09] [modloading-sync-worker/INFO] [hbm/]: FluidContainerRegistry: registered 15 fluid container(s).
[20:05:09] [main/INFO] [mojang/YggdrasilAuthenticationService]: Environment: Environment[sessionHost=https://sessionserver.mojang.com, servicesHost=https://api.minecraftservices.com, name=PROD]
[20:05:09] [main/WARN] [minecraft/VanillaPackResourcesBuilder]: Assets URL 'union:/workspace/build/moddev/artifacts/neoforge-21.1.228.jar%23125!/assets/.mcassetsroot' uses unexpected schema
[20:05:09] [main/WARN] [minecraft/VanillaPackResourcesBuilder]: Assets URL 'union:/workspace/build/moddev/artifacts/neoforge-21.1.228.jar%23125!/data/.mcassetsroot' uses unexpected schema
[20:05:10] [main/INFO] [minecraft/RecipeManager]: Loaded 4505 recipes
[20:05:10] [main/INFO] [minecraft/AdvancementTree]: Loaded 2270 advancements
[20:05:10] [main/DEBUG] [ne.ne.ne.co.CommonHooks/WP]: Gathered mod list to write to world save world
[20:05:10] [Server thread/INFO] [minecraft/DedicatedServer]: Starting minecraft server version 1.21.1
[20:05:10] [Server thread/INFO] [minecraft/DedicatedServer]: Loading properties
[20:05:10] [Server thread/INFO] [minecraft/DedicatedServer]: Default game type: SURVIVAL
[20:05:10] [Server thread/INFO] [minecraft/MinecraftServer]: Generating keypair
[20:05:10] [Server thread/INFO] [minecraft/DedicatedServer]: Starting Minecraft server on *:25565
[20:05:10] [Server thread/DEBUG] [ne.ne.ne.ne.DualStackUtils/]: Detected IPv6 address: "0:0:0:0:0:0:0:0"
[20:05:10] [Server thread/DEBUG] [io.ne.ut.in.NativeLibraryLoader/]: -Dio.netty.native.workdir: /tmp (io.netty.tmpdir)
[20:05:10] [Server thread/DEBUG] [io.ne.ut.in.NativeLibraryLoader/]: -Dio.netty.native.deleteLibAfterLoading: true
[20:05:10] [Server thread/DEBUG] [io.ne.ut.in.NativeLibraryLoader/]: -Dio.netty.native.tryPatchShadedId: true
[20:05:10] [Server thread/DEBUG] [io.ne.ut.in.NativeLibraryLoader/]: -Dio.netty.native.detectNativeLibraryDuplicates: true
[20:05:10] [Server thread/DEBUG] [io.ne.ut.in.NativeLibraryLoader/]: Successfully loaded the library /tmp/libnetty_transport_native_epoll_x86_6417421840509469157780.so
[20:05:10] [Server thread/DEBUG] [io.ne.ut.NetUtil/]: -Djava.net.preferIPv4Stack: false
[20:05:10] [Server thread/DEBUG] [io.ne.ut.NetUtil/]: -Djava.net.preferIPv6Addresses: true
[20:05:10] [Server thread/DEBUG] [io.ne.ut.NetUtilInitializations/]: Loopback interface: lo (lo, 0:0:0:0:0:0:0:1%lo)
[20:05:10] [Server thread/DEBUG] [io.ne.ut.NetUtil/]: /proc/sys/net/core/somaxconn: 4096
[20:05:10] [Server thread/DEBUG] [io.ne.ch.MultithreadEventLoopGroup/]: -Dio.netty.eventLoopThreads: 8
[20:05:10] [Server thread/DEBUG] [io.ne.ut.co.GlobalEventExecutor/]: -Dio.netty.globalEventExecutor.quietPeriodSeconds: 1
[20:05:10] [Server thread/DEBUG] [io.ne.ut.in.PlatformDependent/]: org.jctools-core.MpscChunkedArrayQueue: available
[20:05:10] [Server thread/INFO] [minecraft/ServerConnectionListener]: Using epoll channel type
[20:05:10] [Server thread/DEBUG] [io.ne.ch.DefaultChannelId/]: -Dio.netty.processId: 58099 (auto-detected)
[20:05:10] [Server thread/DEBUG] [io.ne.ch.DefaultChannelId/]: -Dio.netty.machineId: 72:d3:ac:ff:fe:d5:27:9a (auto-detected)
[20:05:10] [Server thread/WARN] [minecraft/DedicatedServer]: **** SERVER IS RUNNING IN OFFLINE/INSECURE MODE!
[20:05:10] [Server thread/WARN] [minecraft/DedicatedServer]: The server will make no attempt to authenticate usernames. Beware.
[20:05:10] [Server thread/WARN] [minecraft/DedicatedServer]: While this makes the game possible to play without internet access, it also opens up the ability for hackers to connect with any username they choose.
[20:05:10] [Server thread/WARN] [minecraft/DedicatedServer]: To change this, set "online-mode" to "true" in the server.properties file.
[20:05:10] [Server thread/DEBUG] [ne.ne.fm.co.ConfigTracker/CONFIG]: Loading configs type SERVER
[20:05:10] [Server thread/DEBUG] [ne.ne.fm.co.ConfigTracker/CONFIG]: Loaded TOML config file /workspace/run/config/jei-server.toml
[20:05:10] [Server thread/DEBUG] [ne.ne.fm.co.ConfigTracker/CONFIG]: Watching TOML config file /workspace/run/config/jei-server.toml for changes
[20:05:10] [Server thread/DEBUG] [ne.ne.ne.co.NeoForgeConfig/FORGEMOD]: Loaded NeoForge config file neoforge-server.toml
[20:05:10] [Server thread/DEBUG] [ne.ne.fm.co.ConfigTracker/CONFIG]: Loaded TOML config file /workspace/run/config/neoforge-server.toml
[20:05:10] [Server thread/DEBUG] [ne.ne.fm.co.ConfigTracker/CONFIG]: Watching TOML config file /workspace/run/config/neoforge-server.toml for changes
[20:05:10] [Server thread/DEBUG] [ne.ne.fm.co.ConfigTracker/CONFIG]: Loaded TOML config file /workspace/run/config/hbm-server.toml
[20:05:10] [Server thread/DEBUG] [ne.ne.fm.co.ConfigTracker/CONFIG]: Watching TOML config file /workspace/run/config/hbm-server.toml for changes
[20:05:10] [Server thread/INFO] [minecraft/DedicatedServer]: Preparing level "world"
[20:05:12] [Server thread/INFO] [minecraft/MinecraftServer]: Preparing start region for dimension minecraft:overworld
[20:05:12] [worldgen/INFO] [minecraft/LoggerChunkProgressListener]: Preparing spawn area: 0%
[20:05:12] [Server thread/INFO] [minecraft/LoggerChunkProgressListener]: Time elapsed: 242 ms
[20:05:12] [Server thread/INFO] [minecraft/DedicatedServer]: Done (1.664s)! For help, type "help"
[20:05:12] [Server thread/DEBUG] [ne.ne.ne.ne.DualStackUtils/]: Detected IPv6 address: "0:0:0:0:0:0:0:0"
[20:05:12] [Server thread/DEBUG] [ne.ne.ne.se.LanguageHook/]: Loaded 5 language files for en_us
[20:05:12] [Server thread/INFO] [ne.ne.ne.ga.GameTestHooks/]: Enabled Gametest Namespaces: [hbm]
[20:05:12] [Server thread/INFO] [ne.ne.ne.se.pe.PermissionAPI/]: Successfully initialized permission handler neoforge:default_handler
[20:10:12] [Server thread/DEBUG] [ne.ne.ne.co.CommonHooks/WP]: Gathered mod list to write to world save world
[20:15:12] [Server thread/DEBUG] [ne.ne.ne.co.CommonHooks/WP]: Gathered mod list to write to world save world
[20:20:12] [Server thread/DEBUG] [ne.ne.ne.co.CommonHooks/WP]: Gathered mod list to write to world save world
